ticker,name,market,type
451060,1Q 200액티브,KOSPI,stock
491610,1Q CD금리액티브(합성),KOSPI,stock
0182R0,1Q K반도체TOP2+,KOSPI,stock
0182S0,1Q K반도체TOP2채권혼합50,KOSPI,stock
463290,1Q 단기금융채액티브,KOSPI,stock
0131W0,1Q 단기특수은행채액티브,KOSPI,stock
479080,1Q 머니마켓액티브,KOSPI,stock
0026S0,1Q 미국S&P500,KOSPI,stock
0052S0,1Q 미국S&P500미국채혼합50액티브,KOSPI,stock
0069M0,1Q 미국나스닥100,KOSPI,stock
0111P0,1Q 미국나스닥100미국채혼합50액티브,KOSPI,stock
0131V0,1Q 미국우주항공테크,KOSPI,stock
0172V0,1Q 은액티브,KOSPI,stock
0017Y0,1Q 종합채권(AA-이상)액티브,KOSPI,stock
0052T0,1Q 중단기회사채(A-이상)액티브,KOSPI,stock
495330,1Q 코리아밸류업,KOSPI,stock
492500,1Q 현대차그룹채권(A+이상)&국고통안,KOSPI,stock
060310,3S,KOSDAQ,stock
473440,ACE 11월만기자동연장회사채AA-이상액티브,KOSPI,stock
105190,ACE 200,KOSPI,stock
332500,ACE 200TR,KOSPI,stock
461270,ACE 26-06 회사채(AA-이상)액티브,KOSPI,stock
475260,ACE 2월만기자동연장회사채AA-이상액티브,KOSPI,stock
475280,ACE 8월만기자동연장회사채AA-이상액티브,KOSPI,stock
469150,ACE AI반도체TOP3+,KOSPI,stock
385590,ACE ESG액티브,KOSPI,stock
475050,ACE KPOP포커스,KOSPI,stock
411060,ACE KRX금현물,KOSPI,stock
0177X0,ACE K휴머노이드로봇산업TOP2+,KOSPI,stock
0194T0,ACE SK하이닉스단일종목레버리지,KOSPI,stock
0021E0,ACE TDF2050액티브 적격,KOSPI,stock
0139P0,ACE 고배당주,KOSPI,stock
0199C0,ACE 고배당주Plus커버드콜액티브,KOSPI,stock
483340,ACE 구글밸류체인액티브,KOSPI,stock
365780,ACE 국고채10년,KOSPI,stock
446770,ACE 글로벌반도체TOP4 Plus,KOSPI,stock
460960,ACE 글로벌인컴TOP10,KOSPI,stock
440640,ACE 단기채권알파액티브,KOSPI,stock
190620,ACE 단기통안채,KOSPI,stock
494330,ACE 라이프자산주주가치액티브,KOSPI,stock
152500,ACE 레버리지,KOSPI,stock
487340,ACE 머니마켓액티브,KOSPI,stock
0085P0,ACE 미국10년국채액티브,KOSPI,stock
476760,ACE 미국30년국채액티브,KOSPI,stock
453850,ACE 미국30년국채액티브(H),KOSPI,stock
476750,ACE 미국30년국채엔화노출액티브(H),KOSPI,stock
480030,ACE 미국500데일리타겟커버드콜(합성),KOSPI,stock
0118Z0,ACE 미국AI테크핵심산업액티브,KOSPI,stock
360200,ACE 미국S&P500,KOSPI,stock
438080,ACE 미국S&P500미국채혼합50액티브,KOSPI,stock
309230,ACE 미국WideMoat동일가중,KOSPI,stock
367380,ACE 미국나스닥100,KOSPI,stock
438100,ACE 미국나스닥100미국채혼합50액티브,KOSPI,stock
456880,ACE 미국달러SOFR금리(합성),KOSPI,stock
0127M0,ACE 미국대형가치주액티브,KOSPI,stock
0127P0,ACE 미국대형성장주액티브,KOSPI,stock
480040,ACE 미국반도체데일리타겟커버드콜(합성),KOSPI,stock
402970,ACE 미국배당다우존스,KOSPI,stock
0046Y0,ACE 미국배당퀄리티,KOSPI,stock
0049M0,ACE 미국배당퀄리티+커버드콜액티브,KOSPI,stock
480020,ACE 미국빅테크7+데일리타겟커버드콜(합성),KOSPI,stock
465580,ACE 미국빅테크TOP7 Plus,KOSPI,stock
465610,ACE 미국빅테크TOP7 Plus레버리지(합성),KOSPI,stock
0180V0,ACE 미국우주테크액티브,KOSPI,stock
473590,ACE 미국주식베스트셀러,KOSPI,stock
455660,ACE 미국하이일드액티브(H),KOSPI,stock
245710,ACE 베트남VN30(합성),KOSPI,stock
108450,ACE 삼성그룹섹터가중,KOSPI,stock
0194M0,ACE 삼성전자단일종목레버리지,KOSPI,stock
483320,ACE 엔비디아밸류체인액티브,KOSPI,stock
448540,ACE 엔비디아채권혼합,KOSPI,stock
0099L0,ACE 우량회사채(AA-이상)액티브,KOSPI,stock
433500,ACE 원자력TOP10,KOSPI,stock
356540,ACE 종합채권(AA-이상)액티브,KOSPI,stock
168580,ACE 중국본토CSI300,KOSPI,stock
272910,ACE 중장기국공채액티브,KOSPI,stock
354500,ACE 코스닥150,KOSPI,stock
305050,ACE 코스피,KOSPI,stock
457480,ACE 테슬라밸류체인액티브,KOSPI,stock
469170,ACE 포스코그룹포커스,KOSPI,stock
095570,AJ네트웍스,KOSPI,stock
006840,AK홀딩스,KOSPI,stock
054620,APS,KOSDAQ,stock
079810,APS이노베이션,KOSDAQ,stock
265520,AP시스템,KOSDAQ,stock
211270,AP위성,KOSDAQ,stock
027410,BGF,KOSPI,stock
282330,BGF리테일,KOSPI,stock
126600,BGF에코머티리얼즈,KOSDAQ,stock
0193M0,BNK 27-12 특수채(AAA이상)액티브,KOSPI,stock
138930,BNK금융지주,KOSPI,stock
001460,BYC,KOSPI,stock
001465,BYC우,KOSPI,stock
083790,CG인바이츠,KOSDAQ,stock
001040,CJ,KOSPI,stock
079160,CJ CGV,KOSPI,stock
035760,CJ ENM,KOSDAQ,stock
311690,CJ 바이오사이언스,KOSDAQ,stock
00104K,CJ4우(전환),KOSPI,stock
000120,CJ대한통운,KOSPI,stock
011150,CJ씨푸드,KOSPI,stock
001045,CJ우,KOSPI,stock
097950,CJ제일제당,KOSPI,stock
097955,CJ제일제당 우,KOSPI,stock
051500,CJ프레시웨이,KOSDAQ,stock
058820,CMG제약,KOSDAQ,stock
056730,CNT85,KOSDAQ,stock
000480,CR홀딩스,KOSPI,stock
000590,CS홀딩스,KOSPI,stock
486240,DAISHIN343 AI반도체&인프라액티브,KOSPI,stock
434960,DAISHIN343 K200,KOSPI,stock
012030,DB,KOSPI,stock
005830,DB손해보험,KOSPI,stock
016610,DB증권,KOSPI,stock
000990,DB하이텍,KOSPI,stock
099520,DGI,KOSDAQ,stock
000300,DH오토넥스,KOSPI,stock
290120,DH오토리드,KOSDAQ,stock
025440,DH오토웨어,KOSDAQ,stock
001530,DI동일,KOSPI,stock
015590,DKME,KOSPI,stock
000210,DL,KOSPI,stock
375500,DL이앤씨,KOSPI,stock
37550L,DL이앤씨2우(전환),KOSPI,stock
37550K,DL이앤씨우,KOSPI,stock
068790,DMS,KOSDAQ,stock
007340,DN오토모티브,KOSPI,stock
004840,DRB동일,KOSPI,stock
241520,DSC인베스트먼트,KOSDAQ,stock
155660,DSR,KOSPI,stock
069730,DSR제강,KOSPI,stock
017860,DS단석,KOSPI,stock
180400,DXVX,KOSDAQ,stock
092780,DYP,KOSPI,stock
017940,E1,KOSPI,stock
245620,EDGC,KOSDAQ,stock
037370,EG,KOSDAQ,stock
365550,ESR켄달스퀘어리츠,KOSPI,stock
050120,ES큐브,KOSDAQ,stock
383220,F&F,KOSPI,stock
007700,F&F홀딩스,KOSPI,stock
0098Z0,FOCUS 200,KOSPI,stock
448570,FOCUS AI코리아액티브,KOSPI,stock
214270,FSN,KOSDAQ,stock
032620,GC메디아이,KOSDAQ,stock
130500,GH신소재,KOSDAQ,stock
114090,GKL,KOSPI,stock
900290,GRT,KOSDAQ,stock
078930,GS,KOSPI,stock
083450,GST,KOSDAQ,stock
006360,GS건설,KOSPI,stock
001250,GS글로벌,KOSPI,stock
007070,GS리테일,KOSPI,stock
078935,GS우,KOSPI,stock
499790,GS피앤엘,KOSPI,stock
293180,HANARO 200,KOSPI,stock
332930,HANARO 200TR,KOSPI,stock
304780,HANARO 200선물레버리지,KOSPI,stock
0123S0,HANARO 26-12 은행채(AA+이상)액티브,KOSPI,stock
0091M0,HANARO 27-06 회사채(AA-이상)액티브,KOSPI,stock
454320,HANARO CAPEX설비투자iSelect,KOSPI,stock
395270,HANARO Fn K-반도체,KOSPI,stock
381560,HANARO Fn전기&수소차,KOSPI,stock
441540,HANARO Fn조선해운,KOSPI,stock
332940,HANARO MSCI Korea TR,KOSPI,stock
473640,HANARO 글로벌금채굴기업,KOSPI,stock
461340,HANARO 글로벌생성형AI액티브,KOSPI,stock
0040S0,HANARO 글로벌피지컬AI액티브,KOSPI,stock
486830,HANARO 머니마켓액티브,KOSPI,stock
0181B0,HANARO 미국AI메모리반도체TOP4+,KOSPI,stock
476260,HANARO 반도체핵심공정주도주,KOSPI,stock
434730,HANARO 원자력iSelect,KOSPI,stock
491820,HANARO 전력설비투자,KOSPI,stock
461500,HANARO 종합채권(AA-이상)액티브,KOSPI,stock
0191W0,HANARO 중기종합채권(A-이상)액티브,KOSPI,stock
0111J0,HANARO 증권고배당TOP3플러스,KOSPI,stock
495750,HANARO 코리아밸류업,KOSPI,stock
297890,HB솔루션,KOSDAQ,stock
440290,HB인베스트먼트,KOSDAQ,stock
078150,HB테크놀러지,KOSDAQ,stock
225530,HC보광산업,KOSDAQ,stock
060560,HC홈센타,KOSDAQ,stock
012630,HDC,KOSPI,stock
039570,HDC랩스,KOSPI,stock
089470,HDC현대EP,KOSPI,stock
267270,HD건설기계,KOSPI,stock
009540,HD한국조선해양,KOSPI,stock
267250,HD현대,KOSPI,stock
443060,HD현대마린솔루션,KOSPI,stock
071970,HD현대마린엔진,KOSPI,stock
322000,HD현대에너지솔루션,KOSPI,stock
267260,HD현대일렉트릭,KOSPI,stock
329180,HD현대중공업,KOSPI,stock
376270,HEM파마,KOSDAQ,stock
097230,HJ중공업,KOSPI,stock
491700,HK 200,KOSPI,stock
0000Y0,HK 26-12 회사채(AA-이상)액티브,KOSPI,stock
0113P0,HK 머니마켓액티브,KOSPI,stock
472920,HK 종합채권(AA-이상)액티브,KOSPI,stock
195940,HK이노엔,KOSDAQ,stock
014790,HL D&I,KOSPI,stock
028300,HLB,KOSDAQ,stock
003580,HLB글로벌,KOSPI,stock
278650,HLB바이오스텝,KOSDAQ,stock
067630,HLB생명과학,KOSDAQ,stock
024850,HLB이노베이션,KOSDAQ,stock
187420,HLB제넥스,KOSDAQ,stock
047920,HLB제약,KOSDAQ,stock
115450,HLB테라퓨틱스,KOSDAQ,stock
046210,HLB파나진,KOSDAQ,stock
196300,HLB펩,KOSDAQ,stock
204320,HL만도,KOSPI,stock
060980,HL홀딩스,KOSPI,stock
011200,HMM,KOSPI,stock
403870,HPSP,KOSDAQ,stock
036640,HRS,KOSDAQ,stock
035000,HS애드,KOSPI,stock
002460,HS화성,KOSPI,stock
487570,HS효성,KOSPI,stock
298050,HS효성첨단소재,KOSPI,stock
472840,IBK 200,KOSPI,stock
0005G0,IBK K-AI반도체코어테크,KOSPI,stock
0135Y0,IBK 중기종합채권(AA-이상)액티브,KOSPI,stock
015360,INVENI,KOSPI,stock
294870,IPARK현대산업개발,KOSPI,stock
095340,ISC,KOSDAQ,stock
175330,JB금융지주,KOSPI,stock
950170,JTC,KOSDAQ,stock
234080,JW생명과학,KOSPI,stock
067290,JW신약,KOSDAQ,stock
001060,JW중외제약,KOSPI,stock
096760,JW홀딩스,KOSPI,stock
035900,JYP Ent.,KOSDAQ,stock
580058,KB KIS CD금리투자 ETN,KOSPI,stock
580069,KB S&P 인버스 2X WTI원유 선물 ETN B,KOSPI,stock
580010,KB Wise 분할매매 ETN,KOSPI,stock
580039,KB 레버리지 KOSPI 200 선물 ETN,KOSPI,stock
580076,KB 레버리지 미국 나스닥 100 TR ETN B,KOSPI,stock
580082,KB 레버리지 반도체 TOP10 TR ETN,KOSPI,stock
580056,KB 일본 로보틱스 TOP 10 ETN,KOSPI,stock
318000,KBG,KOSDAQ,stock
008970,KBI동양철관,KOSPI,stock
024840,KBI메탈,KOSDAQ,stock
105560,KB금융,KOSPI,stock
415640,KB발해인프라,KOSPI,stock
432320,KB스타리츠,KOSPI,stock
024120,KB오토시스,KOSDAQ,stock
002380,KCC,KOSPI,stock
021320,KCC건설,KOSDAQ,stock
344820,KCC글라스,KOSPI,stock
009070,KCTC,KOSPI,stock
119650,KC코트렐,KOSPI,stock
092220,KEC,KOSPI,stock
003620,KG모빌리티,KOSPI,stock
016380,KG스틸,KOSPI,stock
151860,KG에코솔루션,KOSDAQ,stock
035600,KG이니시스,KOSDAQ,stock
001390,KG케미칼,KOSPI,stock
046440,KG파이낸셜,KOSDAQ,stock
060720,KH바텍,KOSDAQ,stock
001940,KISCO홀딩스,KOSPI,stock
069660,KIWOOM 200,KOSPI,stock
294400,KIWOOM 200TR,KOSPI,stock
253250,KIWOOM 200선물레버리지,KOSPI,stock
464240,KIWOOM 26-09회사채(AA-이상)액티브,KOSPI,stock
458210,KIWOOM CD금리액티브(합성),KOSPI,stock
100910,KIWOOM KRX100,KOSPI,stock
148070,KIWOOM 국고채10년,KOSPI,stock
114470,KIWOOM 국고채3년,KOSPI,stock
130730,KIWOOM 단기자금,KOSPI,stock
419890,KIWOOM 단기채권ESG액티브,KOSPI,stock
476450,KIWOOM 머니마켓액티브,KOSPI,stock
449770,KIWOOM 미국S&P500,KOSPI,stock
0137V0,KIWOOM 미국S&P500모멘텀,KOSPI,stock
453080,KIWOOM 미국나스닥100(H),KOSPI,stock
498270,KIWOOM 미국양자컴퓨팅,KOSPI,stock
0183V0,KIWOOM 삼성전자&SK하이닉스채권혼합50,KOSPI,stock
200250,KIWOOM 인도Nifty50(합성),KOSPI,stock
454780,KIWOOM 종합채권(AA-이상)액티브,KOSPI,stock
496090,KIWOOM 코리아밸류업,KOSPI,stock
469790,KIWOOM 코리아테크TOP10,KOSPI,stock
058400,KNN,KOSDAQ,stock
069500,KODEX 200,KOSPI,stock
337160,KODEX 200ESG,KOSPI,stock
363580,KODEX 200IT TR,KOSPI,stock
278530,KODEX 200TR,KOSPI,stock
360140,KODEX 200롱코스닥150숏선물,KOSPI,stock
284430,KODEX 200미국채혼합,KOSPI,stock
252670,KODEX 200선물인버스2X,KOSPI,stock
494890,KODEX 200액티브,KOSPI,stock
498400,KODEX 200타겟위클리커버드콜,KOSPI,stock
0117L0,KODEX 26-12 금융채(AA-이상)액티브,KOSPI,stock
473290,KODEX 26-12 회사채(AA-이상)액티브,KOSPI,stock
0007F0,KODEX 27-12 회사채(AA-이상)액티브,KOSPI,stock
0119H0,KODEX 28-12 회사채(AA-이상)액티브,KOSPI,stock
305720,KODEX 2차전지산업,KOSPI,stock
462330,KODEX 2차전지산업레버리지,KOSPI,stock
461950,KODEX 2차전지핵심소재10,KOSPI,stock
395160,KODEX AI반도체TOP2플러스,KOSPI,stock
471990,KODEX AI반도체핵심장비,KOSPI,stock
487240,KODEX AI전력핵심설비,KOSPI,stock
481050,KODEX CD1년금리플러스액티브(합성),KOSPI,stock
459580,KODEX CD금리액티브(합성),KOSPI,stock
439860,KODEX ESG종합채권(A-이상)액티브,KOSPI,stock
266370,KODEX IT,KOSPI,stock
423160,KODEX KOFR금리액티브(합성),KOSPI,stock
292190,KODEX KRX300,KOSPI,stock
306950,KODEX KRX300레버리지,KOSPI,stock
278540,KODEX MSCI Korea TR,KOSPI,stock
251350,KODEX MSCI선진국,KOSPI,stock
0193T0,KODEX SK하이닉스단일종목레버리지,KOSPI,stock
433970,KODEX TDF2030액티브 적격,KOSPI,stock
433980,KODEX TDF2040액티브 적격,KOSPI,stock
434060,KODEX TDF2050액티브 적격,KOSPI,stock
0082V0,KODEX TDF2060액티브 적격,KOSPI,stock
329650,KODEX TRF3070,KOSPI,stock
329660,KODEX TRF5050,KOSPI,stock
329670,KODEX TRF7030,KOSPI,stock
315930,KODEX Top5PlusTR,KOSPI,stock
271050,KODEX WTI원유선물인버스(H),KOSPI,stock
468380,KODEX iShares미국하이일드액티브,KOSPI,stock
117700,KODEX 건설,KOSPI,stock
279530,KODEX 고배당주,KOSPI,stock
132030,KODEX 골드선물(H),KOSPI,stock
471230,KODEX 국고채10년액티브,KOSPI,stock
439870,KODEX 국고채30년액티브,KOSPI,stock
114260,KODEX 국고채3년,KOSPI,stock
176950,KODEX 국채선물10년인버스,KOSPI,stock
276990,KODEX 글로벌로봇(합성),KOSPI,stock
0064K0,KODEX 금액티브,KOSPI,stock
0089D0,KODEX 금융고배당TOP10,KOSPI,stock
498410,KODEX 금융고배당TOP10타겟위클리커버드콜,KOSPI,stock
0162M0,KODEX 금융채1~2년(AA-이상)PLUS액티브,KOSPI,stock
273140,KODEX 단기변동금리부채권액티브,KOSPI,stock
153130,KODEX 단기채권,KOSPI,stock
214980,KODEX 단기채권PLUS,KOSPI,stock
122630,KODEX 레버리지,KOSPI,stock
445290,KODEX 로봇액티브,KOSPI,stock
488770,KODEX 머니마켓액티브,KOSPI,stock
401470,KODEX 메타버스액티브,KOSPI,stock
308620,KODEX 미국10년국채선물,KOSPI,stock
0091C0,KODEX 미국10년국채액티브(H),KOSPI,stock
484790,KODEX 미국30년국채액티브(H),KOSPI,stock
304660,KODEX 미국30년국채울트라선물(H),KOSPI,stock
481060,KODEX 미국30년국채타겟커버드콜(합성 H),KOSPI,stock
0173Y0,KODEX 미국AI광통신네트워크,KOSPI,stock
0151S0,KODEX 미국AI반도체TOP3플러스,KOSPI,stock
0041D0,KODEX 미국AI소프트웨어TOP10,KOSPI,stock
487230,KODEX 미국AI전력핵심인프라,KOSPI,stock
485540,KODEX 미국AI테크TOP10,KOSPI,stock
483280,KODEX 미국AI테크TOP10타겟커버드콜,KOSPI,stock
379800,KODEX 미국S&P500,KOSPI,stock
449180,KODEX 미국S&P500(H),KOSPI,stock
0005A0,KODEX 미국S&P500데일리커버드콜OTM,KOSPI,stock
0068M0,KODEX 미국S&P500버퍼6월액티브,KOSPI,stock
0089C0,KODEX 미국S&P500변동성확대시커버드콜,KOSPI,stock
200030,KODEX 미국S&P500산업재(합성),KOSPI,stock
219480,KODEX 미국S&P500선물(H),KOSPI,stock
0041E0,KODEX 미국S&P500액티브,KOSPI,stock
463680,KODEX 미국S&P500테크놀로지,KOSPI,stock
453640,KODEX 미국S&P500헬스케어,KOSPI,stock
379810,KODEX 미국나스닥100,KOSPI,stock
449190,KODEX 미국나스닥100(H),KOSPI,stock
494300,KODEX 미국나스닥100데일리커버드콜OTM,KOSPI,stock
409820,KODEX 미국나스닥100레버리지(합성 H),KOSPI,stock
304940,KODEX 미국나스닥100선물(H),KOSPI,stock
411420,KODEX 미국나스닥AI테크액티브,KOSPI,stock
455030,KODEX 미국달러SOFR금리액티브(합성),KOSPI,stock
261240,KODEX 미국달러선물,KOSPI,stock
261270,KODEX 미국달러선물인버스,KOSPI,stock
261260,KODEX 미국달러선물인버스2X,KOSPI,stock
0048J0,KODEX 미국머니마켓액티브,KOSPI,stock
390390,KODEX 미국반도체,KOSPI,stock
489250,KODEX 미국배당다우존스,KOSPI,stock
483290,KODEX 미국배당다우존스타겟커버드콜,KOSPI,stock
441640,KODEX 미국배당커버드콜액티브,KOSPI,stock
314250,KODEX 미국빅테크10(H),KOSPI,stock
473460,KODEX 미국서학개미,KOSPI,stock
0144L0,KODEX 미국성장커버드콜액티브,KOSPI,stock
0167Z0,KODEX 미국우주항공,KOSPI,stock
0132H0,KODEX 미국원자력SMR,KOSPI,stock
437080,KODEX 미국종합채권ESG액티브(H),KOSPI,stock
0038A0,KODEX 미국휴머노이드로봇,KOSPI,stock
244580,KODEX 바이오,KOSPI,stock
091160,KODEX 반도체,KOSPI,stock
140570,KODEX 반도체,KOSPI,etf
494310,KODEX 반도체레버리지,KOSPI,stock
0190G0,KODEX 반도체타겟위클리커버드콜,KOSPI,stock
0080G0,KODEX 방산TOP10,KOSPI,stock
0100K0,KODEX 방산TOP10레버리지,KOSPI,stock
325020,KODEX 배당가치,KOSPI,stock
140700,KODEX 보험,KOSPI,stock
102780,KODEX 삼성그룹,KOSPI,stock
213610,KODEX 삼성그룹밸류,KOSPI,stock
0177N0,KODEX 삼성전자SK하이닉스채권혼합50,KOSPI,stock
0193W0,KODEX 삼성전자단일종목레버리지,KOSPI,stock
448330,KODEX 삼성전자채권혼합,KOSPI,stock
325010,KODEX 성장주,KOSPI,stock
385510,KODEX 신재생에너지액티브,KOSPI,stock
275300,KODEX 우량주,KOSPI,stock
0098F0,KODEX 원자력SMR,KOSPI,stock
144600,KODEX 은선물(H),KOSPI,stock
091170,KODEX 은행,KOSPI,stock
453810,KODEX 인도Nifty50,KOSPI,stock
114800,KODEX 인버스,KOSPI,stock
101280,KODEX 일본TOPIX100,KOSPI,stock
091180,KODEX 자동차,KOSPI,stock
363570,KODEX 장기종합채권(AA-이상)액티브,KOSPI,stock
0115D0,KODEX 조선TOP10,KOSPI,stock
273130,KODEX 종합채권(AA-이상)액티브,KOSPI,stock
0153K0,KODEX 주주환원고배당주,KOSPI,stock
102970,KODEX 증권,KOSPI,stock
0162L0,KODEX 차이나AI반도체TOP10,KOSPI,stock
428510,KODEX 차이나AI테크액티브,KOSPI,stock
283580,KODEX 차이나CSI300,KOSPI,stock
256750,KODEX 차이나심천ChiNext(합성),KOSPI,stock
372330,KODEX 차이나항셍테크,KOSPI,stock
0048K0,KODEX 차이나휴머노이드로봇,KOSPI,stock
445150,KODEX 친환경조선해운액티브,KOSPI,stock
211900,KODEX 코리아배당성장,KOSPI,stock
237370,KODEX 코리아배당성장채권혼합,KOSPI,stock
495850,KODEX 코리아밸류업,KOSPI,stock
0115E0,KODEX 코리아소버린AI,KOSPI,stock
229200,KODEX 코스닥150,KOSPI,stock
233740,KODEX 코스닥150레버리지,KOSPI,stock
251340,KODEX 코스닥150선물인버스,KOSPI,stock
226490,KODEX 코스피,KOSPI,stock
237350,KODEX 코스피100,KOSPI,stock
359210,KODEX 코스피TR,KOSPI,stock
337140,KODEX 코스피대형주,KOSPI,stock
375770,KODEX 탄소효율그린뉴딜,KOSPI,stock
475080,KODEX 테슬라커버드콜채권혼합액티브,KOSPI,stock
298770,KODEX 한국대만IT프리미어,KOSPI,stock
476800,KODEX 한국부동산리츠인프라,KOSPI,stock
266420,KODEX 헬스케어,KOSPI,stock
0204D0,KODEX 현대차로보틱스밸류체인TOP3플러스,KOSPI,stock
025000,KPX케미칼,KOSPI,stock
092230,KPX홀딩스,KOSPI,stock
044450,KSS해운,KOSPI,stock
030200,KT,KOSPI,stock
033780,KT&G,KOSPI,stock
058850,KTcs,KOSPI,stock
058860,KTis,KOSPI,stock
089600,KT나스미디어,KOSDAQ,stock
418470,KT밀리의서재,KOSDAQ,stock
043610,KT지니뮤직,KOSDAQ,stock
122450,KX,KOSDAQ,stock
052900,KX하이텍,KOSDAQ,stock
036560,KZ정밀,KOSDAQ,stock
487130,KoAct AI인프라액티브,KOSPI,stock
0074K0,KoAct K수출핵심기업TOP30액티브,KOSPI,stock
471040,KoAct 글로벌AI&로봇액티브,KOSPI,stock
0174B0,KoAct 글로벌AI메모리반도체액티브,KOSPI,stock
0020H0,KoAct 글로벌양자컴퓨팅액티브,KOSPI,stock
475070,KoAct 글로벌친환경전력인프라액티브,KOSPI,stock
0015B0,KoAct 미국나스닥성장기업액티브,KOSPI,stock
0104H0,KoAct 미국나스닥채권혼합50액티브,KOSPI,stock
462900,KoAct 바이오헬스케어액티브,KOSPI,stock
476850,KoAct 배당성장액티브,KOSPI,stock
495230,KoAct 코리아밸류업액티브,KOSPI,stock
0163Y0,KoAct 코스닥액티브,KOSPI,stock
061970,LB세미콘,KOSDAQ,stock
309960,LB인베스트먼트,KOSDAQ,stock
093050,LF,KOSPI,stock
003550,LG,KOSPI,stock
034220,LG디스플레이,KOSPI,stock
051900,LG생활건강,KOSPI,stock
051905,LG생활건강우,KOSPI,stock
064400,LG씨엔에스,KOSPI,stock
373220,LG에너지솔루션,KOSPI,stock
003555,LG우,KOSPI,stock
032640,LG유플러스,KOSPI,stock
011070,LG이노텍,KOSPI,stock
066570,LG전자,KOSPI,stock
066575,LG전자우,KOSPI,stock
037560,LG헬로비전,KOSPI,stock
051910,LG화학,KOSPI,stock
051915,LG화학우,KOSPI,stock
079550,LIG디펜스앤에어로스페이스,KOSPI,stock
073490,LIG아큐버,KOSDAQ,stock
225190,LK삼양,KOSDAQ,stock
006260,LS,KOSPI,stock
010120,LS ELECTRIC,KOSPI,stock
000680,LS네트웍스,KOSPI,stock
060370,LS마린솔루션,KOSDAQ,stock
417200,LS머트리얼즈,KOSDAQ,stock
229640,LS에코에너지,KOSPI,stock
078020,LS증권,KOSDAQ,stock
322180,LS티라유텍,KOSDAQ,stock
108320,LX세미콘,KOSPI,stock
001120,LX인터내셔널,KOSPI,stock
108670,LX하우시스,KOSPI,stock
383800,LX홀딩스,KOSPI,stock
476080,M83,KOSDAQ,stock
086960,MDS테크,KOSDAQ,stock
403790,MIDAS 코스피액티브,KOSPI,stock
550082,N2 KIS CD금리투자 ETN,KOSPI,stock
550062,N2 레버리지 금 선물 ETN(H),KOSPI,stock
550064,N2 레버리지 은 선물 ETN(H),KOSPI,stock
550091,N2 방위산업 Top5 ETN,KOSPI,stock
550092,N2 월간 레버리지 방위산업 Top5 ETN,KOSPI,stock
550089,N2 월간 레버리지 코스피 200 선물 ETN,KOSPI,stock
550093,N2 전력인프라 Top5 ETN,KOSPI,stock
550084,N2 코스피 200 TR ETN,KOSPI,stock
035420,NAVER,KOSPI,stock
036570,NC,KOSPI,stock
160550,NEW,KOSDAQ,stock
181710,NHN,KOSPI,stock
060250,NHN KCP,KOSDAQ,stock
104200,NHN벅스,KOSDAQ,stock
054050,NH농우바이오,KOSDAQ,stock
400760,NH올원리츠,KOSPI,stock
005940,NH투자증권,KOSPI,stock
005945,NH투자증권우,KOSPI,stock
338100,NH프라임리츠,KOSPI,stock
034310,NICE,KOSPI,stock
063570,NICE인프라,KOSDAQ,stock
030190,NICE평가정보,KOSPI,stock
008260,NI스틸,KOSPI,stock
004250,NPC,KOSPI,stock
222160,NPX,KOSDAQ,stock
456040,OCI,KOSPI,stock
010060,OCI홀딩스,KOSPI,stock
178920,PI첨단소재,KOSPI,stock
001340,PKC,KOSPI,stock
152100,PLUS 200,KOSPI,stock
491220,PLUS 200TR,KOSPI,stock
253150,PLUS 200선물레버리지,KOSPI,stock
449450,PLUS K방산,KOSPI,stock
0166S0,PLUS K제조업핵심기업액티브,KOSPI,stock
433880,PLUS TDF2060액티브 적격,KOSPI,stock
161510,PLUS 고배당주,KOSPI,stock
0018C0,PLUS 고배당주위클리고정커버드콜,KOSPI,stock
489030,PLUS 고배당주위클리커버드콜,KOSPI,stock
251600,PLUS 고배당주채권혼합,KOSPI,stock
461460,PLUS 국고채10년액티브,KOSPI,stock
491230,PLUS 국공채머니마켓액티브,KOSPI,stock
298340,PLUS 국채선물3년,KOSPI,stock
442580,PLUS 글로벌HBM반도체,KOSPI,stock
0007G0,PLUS 글로벌원자력밸류체인,KOSPI,stock
0035T0,PLUS 글로벌휴머노이드로봇액티브,KOSPI,stock
415920,PLUS 글로벌희토류&전략자원생산기업,KOSPI,stock
0138Y0,PLUS 금채권혼합,KOSPI,stock
278620,PLUS 단기채권액티브,KOSPI,stock
477050,PLUS 머니마켓액티브,KOSPI,stock
269540,PLUS 미국S&P500(H),KOSPI,stock
0057H0,PLUS 미국S&P500미국채혼합50액티브,KOSPI,stock
287180,PLUS 미국나스닥테크,KOSPI,stock
195980,PLUS 신흥국MSCI(합성 H),KOSPI,stock
421320,PLUS 우주항공,KOSPI,stock
0098N0,PLUS 자사주매입고배당주,KOSPI,stock
451000,PLUS 종합채권(AA-이상)액티브,KOSPI,stock
0184L0,PLUS 중기종합채권(A-이상)액티브,KOSPI,stock
495040,PLUS 코리아밸류업,KOSPI,stock
122090,PLUS 코스피50,KOSPI,stock
328370,PLUS 코스피TR,KOSPI,stock
457990,PLUS 태양광&ESS,KOSPI,stock
0132K0,PLUS 테슬라위클리커버드콜채권혼합,KOSPI,stock
0000J0,PLUS 한화그룹주,KOSPI,stock
005490,POSCO홀딩스,KOSPI,stock
332570,PS일렉트로닉스,KOSDAQ,stock
218410,RFHIC,KOSDAQ,stock
327260,RF머트리얼즈,KOSDAQ,stock
474610,RF시스템즈,KOSDAQ,stock
148020,RISE 200,KOSPI,stock
361580,RISE 200TR,KOSPI,stock
252400,RISE 200선물레버리지,KOSPI,stock
475720,RISE 200위클리커버드콜,KOSPI,stock
0122W0,RISE 26-11 회사채(AA-이상)액티브,KOSPI,stock
465330,RISE 2차전지TOP10,KOSPI,stock
422420,RISE 2차전지액티브,KOSPI,stock
105780,RISE 5대그룹주,KOSPI,stock
469070,RISE AI&로봇,KOSPI,stock
0093A0,RISE AI반도체TOP10,KOSPI,stock
0101N0,RISE AI전력인프라,KOSPI,stock
477080,RISE CD금리액티브(합성),KOSPI,stock
290130,RISE ESG사회책임투자,KOSPI,stock
326240,RISE IT플러스,KOSPI,stock
385560,RISE KIS국고채30년Enhanced,KOSPI,stock
479520,RISE KOFR금리액티브(합성),KOSPI,stock
0192L0,RISE SK하이닉스단일종목레버리지,KOSPI,stock
442570,RISE TDF2050액티브 적격,KOSPI,stock
266160,RISE 고배당,KOSPI,stock
481430,RISE 국고채10년액티브,KOSPI,stock
114100,RISE 국고채3년,KOSPI,stock
295020,RISE 국채선물10년인버스,KOSPI,stock
442320,RISE 글로벌원자력,KOSPI,stock
461490,RISE 글로벌자산배분액티브,KOSPI,stock
336160,RISE 금융채액티브,KOSPI,stock
367760,RISE 네트워크인프라,KOSPI,stock
272560,RISE 단기국공채액티브,KOSPI,stock
385550,RISE 단기채권알파액티브,KOSPI,stock
196230,RISE 단기통안채,KOSPI,stock
0061Z0,RISE 단기특수은행채액티브,KOSPI,stock
315960,RISE 대형고배당10TR,KOSPI,stock
455890,RISE 머니마켓액티브,KOSPI,stock
401170,RISE 메타버스,KOSPI,stock
472870,RISE 미국30년국채엔화노출(합성 H),KOSPI,stock
472830,RISE 미국30년국채커버드콜(합성),KOSPI,stock
485690,RISE 미국AI밸류체인TOP3Plus,KOSPI,stock
490590,RISE 미국AI밸류체인데일리고정커버드콜,KOSPI,stock
0176E0,RISE 미국AI전력인프라액티브,KOSPI,stock
495940,RISE 미국AI테크액티브,KOSPI,stock
379780,RISE 미국S&P500,KOSPI,stock
453330,RISE 미국S&P500(H),KOSPI,stock
368590,RISE 미국나스닥100,KOSPI,stock
455960,RISE 미국달러SOFR금리액티브(합성),KOSPI,stock
469060,RISE 미국반도체NYSE,KOSPI,stock
490600,RISE 미국배당100데일리고정커버드콜,KOSPI,stock
491620,RISE 미국테크100데일리고정커버드콜,KOSPI,stock
0036R0,RISE 미국휴머노이드로봇,KOSPI,stock
0000Z0,RISE 바이오TOP10액티브,KOSPI,stock
475350,RISE 버크셔포트폴리오TOP10,KOSPI,stock
388420,RISE 비메모리반도체액티브,KOSPI,stock
448630,RISE 삼성그룹Top3채권혼합,KOSPI,stock
0162Z0,RISE 삼성전자SK하이닉스채권혼합50,KOSPI,stock
0192M0,RISE 삼성전자단일종목레버리지,KOSPI,stock
367770,RISE 수소경제테마,KOSPI,stock
385540,RISE 종합채권(A-이상)액티브,KOSPI,stock
136340,RISE 중기우량회사채,KOSPI,stock
495050,RISE 코리아밸류업,KOSPI,stock
0094M0,RISE 코리아밸류업위클리고정커버드콜,KOSPI,stock
0151P0,RISE 코리아전략산업액티브,KOSPI,stock
270810,RISE 코스닥150,KOSPI,stock
278240,RISE 코스닥150선물레버리지,KOSPI,stock
302450,RISE 코스피,KOSPI,stock
0190C0,RISE 현대차고정피지컬AI,KOSPI,stock
091340,S&K폴리텍,KOSDAQ,stock
010950,S-Oil,KOSPI,stock
010955,S-Oil우,KOSPI,stock
419530,SAMG엔터,KOSDAQ,stock
019550,SBI인베스트먼트,KOSDAQ,stock
034120,SBS,KOSPI,stock
246960,SCL사이언스,KOSDAQ,stock
099220,SDN,KOSDAQ,stock
036540,SFA반도체,KOSDAQ,stock
255220,SG,KOSDAQ,stock
040610,SG&G,KOSDAQ,stock
184230,SGA솔루션즈,KOSDAQ,stock
016250,SGC E&C,KOSDAQ,stock
005090,SGC에너지,KOSPI,stock
004060,SG세계물산,KOSPI,stock
009160,SIMPAC,KOSPI,stock
033530,SJG세종,KOSPI,stock
123700,SJM,KOSPI,stock
025530,SJM홀딩스,KOSPI,stock
034730,SK,KOSPI,stock
357880,SKAI,KOSDAQ,stock
011790,SKC,KOSPI,stock
018670,SK가스,KOSPI,stock
001740,SK네트웍스,KOSPI,stock
006120,SK디스커버리,KOSPI,stock
210980,SK디앤디,KOSPI,stock
395400,SK리츠,KOSPI,stock
302440,SK바이오사이언스,KOSPI,stock
326030,SK바이오팜,KOSPI,stock
402340,SK스퀘어,KOSPI,stock
361610,SK아이이테크놀로지,KOSPI,stock
100090,SK오션플랜트,KOSPI,stock
03473K,SK우,KOSPI,stock
096770,SK이노베이션,KOSPI,stock
096775,SK이노베이션우,KOSPI,stock
475150,SK이터닉스,KOSPI,stock
001510,SK증권,KOSPI,stock
285130,SK케미칼,KOSPI,stock
017670,SK텔레콤,KOSPI,stock
000660,SK하이닉스,KOSPI,stock
048550,SM C&C,KOSDAQ,stock
063440,SM Life Design,KOSDAQ,stock
003570,SNT다이내믹스,KOSPI,stock
064960,SNT모티브,KOSPI,stock
100840,SNT에너지,KOSPI,stock
036530,SNT홀딩스,KOSPI,stock
295040,SOL 200TR,KOSPI,stock
0167B0,SOL 200타겟위클리커버드콜,KOSPI,stock
488980,SOL 26-12 회사채(AA-이상)액티브,KOSPI,stock
0092C0,SOL 27-12 회사채(AA-이상)액티브,KOSPI,stock
455860,SOL 2차전지소부장Fn,KOSPI,stock
0167A0,SOL AI반도체TOP2플러스,KOSPI,stock
455850,SOL AI반도체소부장,KOSPI,stock
497880,SOL CD금리&머니마켓액티브,KOSPI,stock
490480,SOL K방산,KOSPI,stock
0197W0,SOL SK하이닉스단일종목레버리지,KOSPI,stock
0197X0,SOL SK하이닉스선물단일종목인버스2X,KOSPI,stock
438570,SOL 국고채10년,KOSPI,stock
438560,SOL 국고채3년,KOSPI,stock
0066W0,SOL 국제금,KOSPI,stock
0022T0,SOL 국제금커버드콜액티브,KOSPI,stock
423170,SOL 글로벌AI반도체탑픽액티브,KOSPI,stock
484880,SOL 금융지주플러스고배당,KOSPI,stock
473330,SOL 미국30년국채커버드콜(합성),KOSPI,stock
479620,SOL 미국AI반도체칩메이커,KOSPI,stock
481180,SOL 미국AI소프트웨어,KOSPI,stock
486450,SOL 미국AI전력인프라,KOSPI,stock
433330,SOL 미국S&P500,KOSPI,stock
399110,SOL 미국S&P500ESG,KOSPI,stock
0080X0,SOL 미국S&P500미국채혼합50,KOSPI,stock
447620,SOL 미국TOP5채권혼합50,KOSPI,stock
476030,SOL 미국나스닥100,KOSPI,stock
0118S0,SOL 미국넥스트테크TOP10액티브,KOSPI,stock
446720,SOL 미국배당다우존스,KOSPI,stock
452360,SOL 미국배당다우존스(H),KOSPI,stock
490490,SOL 미국배당미국채혼합50,KOSPI,stock
0023A0,SOL 미국양자컴퓨팅TOP10,KOSPI,stock
0181L0,SOL 미국우주항공TOP10,KOSPI,stock
0051G0,SOL 미국원자력SMR,KOSPI,stock
481190,SOL 미국테크TOP10,KOSPI,stock
475300,SOL 반도체전공정,KOSPI,stock
475310,SOL 반도체후공정,KOSPI,stock
466930,SOL 자동차TOP3플러스,KOSPI,stock
0005D0,SOL 전고체배터리&실리콘음극재,KOSPI,stock
466920,SOL 조선TOP3플러스,KOSPI,stock
0080Y0,SOL 조선TOP3플러스레버리지,KOSPI,stock
0141S0,SOL 조선기자재,KOSPI,stock
436140,SOL 종합채권(AA-이상)액티브,KOSPI,stock
0016X0,SOL 중단기회사채(A-이상)액티브,KOSPI,stock
469830,SOL 초단기채권액티브,KOSPI,stock
0105E0,SOL 코리아고배당,KOSPI,stock
444200,SOL 코리아메가테크액티브,KOSPI,stock
495550,SOL 코리아밸류업TR,KOSPI,stock
0040X0,SOL 팔란티어미국채커버드콜혼합,KOSPI,stock
0040Y0,SOL 팔란티어커버드콜OTM채권혼합,KOSPI,stock
0092B0,SOL 한국원자력SMR,KOSPI,stock
0008T0,SOL 화장품TOP3플러스,KOSPI,stock
067160,SOOP,KOSDAQ,stock
000390,SP삼화,KOSPI,stock
011810,STX,KOSPI,stock
077970,STX엔진,KOSPI,stock
289080,SV인베스트먼트,KOSDAQ,stock
002170,SYTS,KOSPI,stock
041930,SY동아,KOSDAQ,stock
002710,TCC스틸,KOSPI,stock
013720,THE CUBE&,KOSDAQ,stock
089230,THE E&M,KOSDAQ,stock
0139F0,TIGER 12월자동연장금융채(AA-이상)액티브,KOSPI,stock
102110,TIGER 200,KOSPI,stock
139260,TIGER 200 IT,KOSPI,stock
139220,TIGER 200 건설,KOSPI,stock
139230,TIGER 200 중공업,KOSPI,stock
243880,TIGER 200IT레버리지,KOSPI,stock
310960,TIGER 200TR,KOSPI,stock
267770,TIGER 200선물레버리지,KOSPI,stock
0104N0,TIGER 200타겟위클리커버드콜,KOSPI,stock
480260,TIGER 27-04회사채(A+이상)액티브,KOSPI,stock
0094K0,TIGER 28-04 회사채(A+이상)액티브,KOSPI,stock
364980,TIGER 2차전지TOP10,KOSPI,stock
412570,TIGER 2차전지TOP10레버리지,KOSPI,stock
462010,TIGER 2차전지소재Fn,KOSPI,stock
305540,TIGER 2차전지테마,KOSPI,stock
471760,TIGER AI반도체핵심공정,KOSPI,stock
365040,TIGER AI코리아그로스액티브,KOSPI,stock
364960,TIGER BBIG,KOSPI,stock
475630,TIGER CD1년금리액티브(합성),KOSPI,stock
357870,TIGER CD금리투자KIS(합성),KOSPI,stock
499660,TIGER CD금리플러스액티브(합성),KOSPI,stock
400970,TIGER Fn메타버스,KOSPI,stock
377990,TIGER Fn신재생에너지,KOSPI,stock
449170,TIGER KOFR금리액티브(합성),KOSPI,stock
0072R0,TIGER KRX금현물,KOSPI,stock
463250,TIGER K방산&우주,KOSPI,stock
138530,TIGER LG그룹플러스,KOSPI,stock
310970,TIGER MSCI Korea TR,KOSPI,stock
0195S0,TIGER SK하이닉스단일종목레버리지,KOSPI,stock
0025N0,TIGER TDF2045 적격,KOSPI,stock
453950,TIGER TSMC파운드리밸류체인,KOSPI,stock
319640,TIGER 골드선물(H),KOSPI,stock
0190Y0,TIGER 구글밸류체인,KOSPI,stock
160580,TIGER 구리실물,KOSPI,stock
451530,TIGER 국고채30년스트립액티브,KOSPI,stock
114820,TIGER 국채3년,KOSPI,stock
275980,TIGER 글로벌4차산업혁신기술(합성 H),KOSPI,stock
464310,TIGER 글로벌AI&로보틱스 INDXX,KOSPI,stock
466950,TIGER 글로벌AI액티브,KOSPI,stock
491010,TIGER 글로벌AI전력인프라액티브,KOSPI,stock
412770,TIGER 글로벌AI플랫폼액티브,KOSPI,stock
394670,TIGER 글로벌리튬&2차전지SOLACTIVE(합성),KOSPI,stock
480310,TIGER 글로벌온디바이스AI,KOSPI,stock
394660,TIGER 글로벌자율주행&전기차SOLACTIVE,KOSPI,stock
464930,TIGER 글로벌혁신블루칩TOP10,KOSPI,stock
0168K0,TIGER 기술이전바이오액티브,KOSPI,stock
272580,TIGER 단기채권액티브,KOSPI,stock
157450,TIGER 단기통안채,KOSPI,stock
123320,TIGER 레버리지,KOSPI,stock
329200,TIGER 리츠부동산인프라,KOSPI,stock
0086B0,TIGER 리츠부동산인프라TOP10액티브,KOSPI,stock
0043B0,TIGER 머니마켓액티브,KOSPI,stock
147970,TIGER 모멘텀,KOSPI,stock
458250,TIGER 미국30년국채스트립액티브(합성 H),KOSPI,stock
476550,TIGER 미국30년국채커버드콜액티브(H),KOSPI,stock
0142D0,TIGER 미국AI데이터센터TOP4Plus,KOSPI,stock
491830,TIGER 미국AI반도체팹리스,KOSPI,stock
490090,TIGER 미국AI빅테크10,KOSPI,stock
493810,TIGER 미국AI빅테크10타겟데일리커버드콜,KOSPI,stock
0102A0,TIGER 미국AI소프트웨어TOP4Plus,KOSPI,stock
0123G0,TIGER 미국AI전력SMR,KOSPI,stock
182480,TIGER 미국MSCI리츠(합성 H),KOSPI,stock
360750,TIGER 미국S&P500,KOSPI,stock
448290,TIGER 미국S&P500(H),KOSPI,stock
488500,TIGER 미국S&P500동일가중,KOSPI,stock
225040,TIGER 미국S&P500레버리지(합성 H),KOSPI,stock
429000,TIGER 미국S&P500배당귀족,KOSPI,stock
143850,TIGER 미국S&P500선물(H),KOSPI,stock
482730,TIGER 미국S&P500타겟데일리커버드콜,KOSPI,stock
133690,TIGER 미국나스닥100,KOSPI,stock
373490,TIGER 미국나스닥100,KOSPI,etf
448300,TIGER 미국나스닥100(H),KOSPI,stock
418660,TIGER 미국나스닥100레버리지(합성),KOSPI,stock
435420,TIGER 미국나스닥100채권혼합50,KOSPI,stock
441680,TIGER 미국나스닥100커버드콜(합성),KOSPI,stock
486290,TIGER 미국나스닥100타겟데일리커버드콜,KOSPI,stock
203780,TIGER 미국나스닥바이오,KOSPI,stock
245340,TIGER 미국다우존스30,KOSPI,stock
456610,TIGER 미국달러SOFR금리액티브(합성),KOSPI,stock
329750,TIGER 미국달러단기채권액티브,KOSPI,stock
494840,TIGER 미국방산TOP10,KOSPI,stock
458730,TIGER 미국배당다우존스,KOSPI,stock
0008S0,TIGER 미국배당다우존스타겟데일리커버드콜,KOSPI,stock
458750,TIGER 미국배당다우존스타겟커버드콜1호,KOSPI,stock
458760,TIGER 미국배당다우존스타겟커버드콜2호,KOSPI,stock
0183J0,TIGER 미국우주테크,KOSPI,stock
305080,TIGER 미국채10년선물,KOSPI,stock
0046A0,TIGER 미국초단기(3개월이하)국채,KOSPI,stock
381170,TIGER 미국테크TOP10 INDXX,KOSPI,stock
472160,TIGER 미국테크TOP10 INDXX(H),KOSPI,stock
472170,TIGER 미국테크TOP10채권혼합,KOSPI,stock
474220,TIGER 미국테크TOP10타겟커버드콜,KOSPI,stock
458260,TIGER 미국투자등급회사채액티브(H),KOSPI,stock
497570,TIGER 미국필라델피아AI반도체나스닥,KOSPI,stock
381180,TIGER 미국필라델피아반도체나스닥,KOSPI,stock
423920,TIGER 미국필라델피아반도체레버리지(합성),KOSPI,stock
228810,TIGER 미디어컨텐츠,KOSPI,stock
364970,TIGER 바이오TOP10,KOSPI,stock
091230,TIGER 반도체,KOSPI,stock
396500,TIGER 반도체TOP10,KOSPI,stock
488080,TIGER 반도체TOP10레버리지,KOSPI,stock
0177R0,TIGER 반도체TOP10커버드콜액티브,KOSPI,stock
211560,TIGER 배당성장,KOSPI,stock
472150,TIGER 배당커버드콜액티브,KOSPI,stock
138520,TIGER 삼성그룹,KOSPI,stock
0195R0,TIGER 삼성전자단일종목레버리지,KOSPI,stock
157490,TIGER 소프트웨어,KOSPI,stock
0000D0,TIGER 엔비디아미국채커버드콜밸런스(합성),KOSPI,stock
228800,TIGER 여행레저,KOSPI,stock
438330,TIGER 우량회사채액티브,KOSPI,stock
0189B0,TIGER 은액티브,KOSPI,stock
466940,TIGER 은행고배당플러스TOP10,KOSPI,stock
453870,TIGER 인도니프티50,KOSPI,stock
479730,TIGER 인도빌리언컨슈머,KOSPI,stock
123310,TIGER 인버스,KOSPI,stock
241180,TIGER 일본니케이225,KOSPI,stock
196030,TIGER 일본니케이225,KOSPI,etf
494670,TIGER 조선TOP10,KOSPI,stock
451540,TIGER 종합채권(AA-이상)액티브,KOSPI,stock
150460,TIGER 중국소비테마,KOSPI,stock
0192Z0,TIGER 중기종합채권(A-이상)액티브,KOSPI,stock
302190,TIGER 중장기국채,KOSPI,stock
157500,TIGER 증권,KOSPI,stock
307520,TIGER 지주회사,KOSPI,stock
192090,TIGER 차이나CSI300,KOSPI,stock
204480,TIGER 차이나CSI300레버리지(합성),KOSPI,stock
414780,TIGER 차이나과창판STAR50(합성),KOSPI,stock
0067V0,TIGER 차이나글로벌리더스TOP3+,KOSPI,stock
396520,TIGER 차이나반도체FACTSET,KOSPI,stock
371460,TIGER 차이나전기차SOLACTIVE,KOSPI,stock
456680,TIGER 차이나전기차레버리지(합성),KOSPI,stock
0047A0,TIGER 차이나테크TOP10,KOSPI,stock
371160,TIGER 차이나항셍테크,KOSPI,stock
0053L0,TIGER 차이나휴머노이드로봇,KOSPI,stock
0117V0,TIGER 코리아AI전력기기TOP3플러스,KOSPI,stock
292150,TIGER 코리아TOP10,KOSPI,stock
0052D0,TIGER 코리아배당다우존스,KOSPI,stock
496080,TIGER 코리아밸류업,KOSPI,stock
0091P0,TIGER 코리아원자력,KOSPI,stock
471780,TIGER 코리아테크액티브,KOSPI,stock
0148J0,TIGER 코리아휴머노이드로봇산업,KOSPI,stock
232080,TIGER 코스닥150,KOSPI,stock
233160,TIGER 코스닥150 레버리지,KOSPI,stock
332630,TIGER 코스닥150 바이오,KOSPI,etf
261070,TIGER 코스닥150바이오테크,KOSPI,stock
277630,TIGER 코스피,KOSPI,stock
210780,TIGER 코스피고배당,KOSPI,stock
277640,TIGER 코스피대형주,KOSPI,stock
447770,TIGER 테슬라채권혼합Fn,KOSPI,stock
0060H0,TIGER 토탈월드스탁액티브,KOSPI,stock
449690,TIGER 한중반도체(합성),KOSPI,stock
143860,TIGER 헬스케어,KOSPI,stock
138540,TIGER 현대차그룹플러스,KOSPI,stock
228790,TIGER 화장품,KOSPI,stock
441800,TIME Korea플러스배당액티브,KOSPI,stock
463050,TIME K바이오액티브,KOSPI,stock
456600,TIME 글로벌AI인공지능액티브,KOSPI,stock
478150,TIME 글로벌우주테크&방산액티브,KOSPI,stock
0113D0,TIME 글로벌탑픽액티브,KOSPI,stock
0185L0,TIME 글로벌휴머노이드로봇산업액티브,KOSPI,stock
426020,TIME 미국S&P500액티브,KOSPI,stock
426030,TIME 미국나스닥100액티브,KOSPI,stock
0019K0,TIME 미국나스닥100채권혼합50액티브,KOSPI,stock
0036D0,TIME 미국배당다우존스액티브,KOSPI,stock
0043Y0,TIME 차이나AI테크액티브,KOSPI,stock
495060,TIME 코리아밸류업액티브,KOSPI,stock
0162Y0,TIME 코스닥액티브,KOSPI,stock
385720,TIME 코스피액티브,KOSPI,stock
032540,TJ미디어,KOSDAQ,stock
069260,TKG휴켐스,KOSPI,stock
007980,TP,KOSPI,stock
048770,TPC로보틱스,KOSDAQ,stock
246690,TS인베스트먼트,KOSDAQ,stock
317240,TS트릴리온,KOSDAQ,stock
002900,TYM,KOSPI,stock
494220,UNICORN SK하이닉스밸류체인액티브,KOSPI,stock
448100,WON 200,KOSPI,stock
458030,WON 국공채머니마켓액티브,KOSPI,stock
444490,WON 미국S&P500,KOSPI,stock
440910,WON 미국우주항공방산,KOSPI,stock
474590,WON 반도체밸류체인액티브,KOSPI,stock
496020,WON 전단채플러스액티브,KOSPI,stock
488720,WON 종합채권(AA-이상)액티브,KOSPI,stock
057030,YBM넷,KOSDAQ,stock
037270,YG PLUS,KOSPI,stock
040300,YTN,KOSDAQ,stock
051390,YW,KOSDAQ,stock
052220,iMBC,KOSDAQ,stock
139130,iM금융지주,KOSPI,stock
079940,가비아,KOSDAQ,stock
078890,가온그룹,KOSDAQ,stock
000500,가온전선,KOSPI,stock
399720,가온칩스,KOSDAQ,stock
036620,감성코퍼레이션,KOSDAQ,stock
000860,강남제비스코,KOSPI,stock
198440,강동씨앤엘,KOSDAQ,stock
217730,강스템바이오텍,KOSDAQ,stock
035250,강원랜드,KOSPI,stock
114190,강원에너지,KOSDAQ,stock
094480,갤럭시아머니트리,KOSDAQ,stock
039240,경남스틸,KOSDAQ,stock
053950,경남제약,KOSDAQ,stock
002100,경농,KOSPI,stock
009450,경동나비엔,KOSPI,stock
267290,경동도시가스,KOSPI,stock
012320,경동인베스트,KOSPI,stock
011040,경동제약,KOSDAQ,stock
000050,경방,KOSPI,stock
214390,경보제약,KOSPI,stock
012610,경인양행,KOSPI,stock
024910,경창산업,KOSDAQ,stock
013580,계룡건설,KOSPI,stock
012200,계양전기,KOSPI,stock
002140,고려산업,KOSPI,stock
049720,고려신용정보,KOSDAQ,stock
010130,고려아연,KOSPI,stock
002240,고려제강,KOSPI,stock
014570,고려제약,KOSDAQ,stock
348150,고바이오랩,KOSDAQ,stock
950190,고스트스튜디오,KOSDAQ,stock
098460,고영,KOSDAQ,stock
215000,골프존,KOSDAQ,stock
121440,골프존홀딩스,KOSDAQ,stock
366030,공구우먼,KOSDAQ,stock
009290,광동제약,KOSPI,stock
029480,광무,KOSDAQ,stock
017900,광전자,KOSPI,stock
037710,광주신세계,KOSPI,stock
026910,광진실업,KOSDAQ,stock
030610,교보증권,KOSPI,stock
339770,교촌에프앤비,KOSPI,stock
053270,구영테크,KOSDAQ,stock
007690,국도화학,KOSPI,stock
066620,국보디자인,KOSDAQ,stock
043650,국순당,KOSDAQ,stock
078130,국일제지,KOSDAQ,stock
307750,국전,KOSDAQ,stock
002720,국제약품,KOSPI,stock
035080,그래디언트,KOSDAQ,stock
318060,그래피,KOSDAQ,stock
453450,그리드위즈,KOSDAQ,stock
204020,그리티,KOSDAQ,stock
0015G0,그린광학,KOSDAQ,stock
402490,그린리소스,KOSDAQ,stock
114450,그린생명과학,KOSDAQ,stock
083420,그린케미칼,KOSPI,stock
186230,그린플러스,KOSDAQ,stock
014530,극동유화,KOSPI,stock
900070,글로벌에스엠,KOSDAQ,stock
204620,글로벌텍스프리,KOSDAQ,stock
014280,금강공업,KOSPI,stock
053260,금강철강,KOSDAQ,stock
001570,금양,KOSPI,stock
282720,금양그린파워,KOSDAQ,stock
002990,금호건설,KOSPI,stock
011780,금호석유화학,KOSPI,stock
011785,금호석유화학우,KOSPI,stock
214330,금호에이치티,KOSPI,stock
073240,금호타이어,KOSPI,stock
036190,금화피에스시,KOSDAQ,stock
049080,기가레인,KOSDAQ,stock
420770,기가비스,KOSDAQ,stock
035460,기산텔레콤,KOSDAQ,stock
092440,기신정기,KOSPI,stock
000270,기아,KOSPI,stock
024110,기업은행,KOSPI,stock
013700,까뮤이앤씨,KOSPI,stock
004540,깨끗한나라,KOSPI,stock
407400,꿈비,KOSDAQ,stock
187790,나노,KOSDAQ,stock
121600,나노신소재,KOSDAQ,stock
286750,나노실리칸첨단소재,KOSDAQ,stock
039860,나노엔텍,KOSDAQ,stock
417010,나노팀,KOSDAQ,stock
478340,나라스페이스테크놀로지,KOSDAQ,stock
051490,나라엠앤디,KOSDAQ,stock
137080,나래나노텍,KOSDAQ,stock
190510,나무가,KOSDAQ,stock
242040,나무기술,KOSDAQ,stock
293580,나우IB,KOSDAQ,stock
459510,나우로보틱스,KOSDAQ,stock
138610,나이벡,KOSDAQ,stock
130580,나이스디앤비,KOSDAQ,stock
036800,나이스정보통신,KOSDAQ,stock
267320,나인테크,KOSDAQ,stock
001260,남광토건,KOSPI,stock
008350,남선알미늄,KOSPI,stock
003920,남양유업,KOSPI,stock
003925,남양유업우,KOSPI,stock
025860,남해화학,KOSPI,stock
111710,남화산업,KOSDAQ,stock
091590,남화토건,KOSDAQ,stock
168330,내츄럴엔도텍,KOSDAQ,stock
094860,네오리진,KOSDAQ,stock
253590,네오셈,KOSDAQ,stock
212560,네오오토,KOSDAQ,stock
095660,네오위즈,KOSDAQ,stock
042420,네오위즈홀딩스,KOSDAQ,stock
950220,네오이뮨텍,KOSDAQ,stock
311390,네오크레마,KOSDAQ,stock
085910,네오티스,KOSDAQ,stock
092730,네오팜,KOSDAQ,stock
153460,네이블,KOSDAQ,stock
007390,네이처셀,KOSDAQ,stock
033640,네패스,KOSDAQ,stock
330860,네패스아크,KOSDAQ,stock
351320,넥사다이내믹스,KOSDAQ,stock
005720,넥센,KOSPI,stock
002350,넥센타이어,KOSPI,stock
089140,넥스턴앤롤코리아,KOSDAQ,stock
389650,넥스트바이오메디컬,KOSDAQ,stock
396270,넥스트칩,KOSDAQ,stock
348210,넥스틴,KOSDAQ,stock
092790,넥스틸,KOSPI,stock
225570,넥슨게임즈,KOSDAQ,stock
205500,넥써쓰,KOSDAQ,stock
217270,넵튠,KOSDAQ,stock
251270,넷마블,KOSPI,stock
104620,노랑풍선,KOSDAQ,stock
090350,노루페인트,KOSPI,stock
000320,노루홀딩스,KOSPI,stock
473980,노머스,KOSDAQ,stock
194700,노바렉스,KOSDAQ,stock
285490,노바텍,KOSDAQ,stock
145170,노브랜드,KOSDAQ,stock
376930,노을,KOSDAQ,stock
486990,노타,KOSDAQ,stock
006280,녹십자,KOSPI,stock
142280,녹십자엠에스,KOSDAQ,stock
234690,녹십자웰빙,KOSDAQ,stock
005250,녹십자홀딩스,KOSPI,stock
004370,농심,KOSPI,stock
072710,농심홀딩스,KOSPI,stock
040160,누리플렉스,KOSDAQ,stock
332290,누보,KOSDAQ,stock
348340,뉴로메카,KOSDAQ,stock
380550,뉴로핏,KOSDAQ,stock
463020,뉴엔AI,KOSDAQ,stock
462310,뉴키즈온,KOSDAQ,stock
270870,뉴트리,KOSDAQ,stock
144960,뉴파워프라즈마,KOSDAQ,stock
085670,뉴프렉스,KOSDAQ,stock
064260,다날,KOSDAQ,stock
340360,다보링크,KOSDAQ,stock
039560,다산네트웍스,KOSDAQ,stock
208860,다산디엠씨,KOSDAQ,stock
058730,다스코,KOSPI,stock
030210,다올투자증권,KOSPI,stock
023590,다우기술,KOSPI,stock
032190,다우데이타,KOSDAQ,stock
323350,다원넥스뷰,KOSDAQ,stock
068240,다원시스,KOSDAQ,stock
290660,다이나믹솔루션,KOSDAQ,stock
483650,달바글로벌,KOSPI,stock
464580,닷밀,KOSDAQ,stock
019680,대교,KOSPI,stock
008060,대덕,KOSPI,stock
353200,대덕전자,KOSPI,stock
35320K,대덕전자1우,KOSPI,stock
000490,대동,KOSPI,stock
008830,대동기어,KOSDAQ,stock
048470,대동스틸,KOSDAQ,stock
004780,대륙제관,KOSDAQ,stock
005750,대림바스,KOSPI,stock
017650,대림제지,KOSDAQ,stock
389260,대명에너지,KOSDAQ,stock
317850,대모,KOSDAQ,stock
290670,대보마그네틱,KOSDAQ,stock
078140,대봉엘에스,KOSDAQ,stock
001680,대상,KOSPI,stock
084690,대상홀딩스,KOSPI,stock
128820,대성산업,KOSPI,stock
117580,대성에너지,KOSPI,stock
027830,대성창투,KOSDAQ,stock
129920,대성하이텍,KOSDAQ,stock
016710,대성홀딩스,KOSPI,stock
0030R0,대신밸류리츠,KOSPI,stock
020180,대신정보통신,KOSDAQ,stock
003540,대신증권,KOSPI,stock
003547,대신증권2우B,KOSPI,stock
003545,대신증권우,KOSPI,stock
045390,대아티아이,KOSDAQ,stock
009190,대양금속,KOSPI,stock
108380,대양전기공업,KOSDAQ,stock
014160,대영포장,KOSPI,stock
047040,대우건설,KOSPI,stock
003090,대웅,KOSPI,stock
069620,대웅제약,KOSPI,stock
007680,대원,KOSDAQ,stock
000430,대원강업,KOSPI,stock
048910,대원미디어,KOSDAQ,stock
005710,대원산업,KOSDAQ,stock
006340,대원전선,KOSPI,stock
003220,대원제약,KOSPI,stock
120240,대정화금,KOSDAQ,stock
003310,대주산업,KOSDAQ,stock
078600,대주전자재료,KOSDAQ,stock
393970,대진첨단소재,KOSDAQ,stock
012800,대창,KOSPI,stock
015230,대창단조,KOSPI,stock
096350,대창솔루션,KOSDAQ,stock
140520,대창스틸,KOSDAQ,stock
131220,대한과학,KOSDAQ,stock
010170,대한광통신,KOSDAQ,stock
054670,대한뉴팜,KOSDAQ,stock
023910,대한약품,KOSDAQ,stock
006650,대한유화,KOSPI,stock
001440,대한전선,KOSPI,stock
084010,대한제강,KOSPI,stock
001790,대한제당,KOSPI,stock
001130,대한제분,KOSPI,stock
439260,대한조선,KOSPI,stock
003490,대한항공,KOSPI,stock
005880,대한해운,KOSPI,stock
003830,대한화섬,KOSPI,stock
016090,대현,KOSPI,stock
067080,대화제약,KOSDAQ,stock
298540,더네이쳐홀딩스,KOSDAQ,stock
032860,더라미,KOSDAQ,stock
475560,더본코리아,KOSPI,stock
192080,더블유게임즈,KOSPI,stock
393890,더블유씨피,KOSDAQ,stock
299170,더블유에스아이,KOSDAQ,stock
012510,더존비즈온,KOSPI,stock
462860,더즌,KOSDAQ,stock
403850,더핑크퐁컴퍼니,KOSDAQ,stock
213420,덕산네오룩스,KOSDAQ,stock
317330,덕산테코피아,KOSDAQ,stock
077360,덕산하이메탈,KOSDAQ,stock
004830,덕성,KOSPI,stock
090410,덕신이피씨,KOSDAQ,stock
0001A0,덕양에너젠,KOSDAQ,stock
263600,덕우전자,KOSDAQ,stock
194480,데브시스터즈,KOSDAQ,stock
373160,데이원컴퍼니,KOSDAQ,stock
263800,데이타솔루션,KOSDAQ,stock
206560,덱스터,KOSDAQ,stock
261200,덴티스,KOSDAQ,stock
145720,덴티움,KOSPI,stock
484120,도우인시스,KOSDAQ,stock
067990,도이치모터스,KOSDAQ,stock
002150,도화엔지니어링,KOSPI,stock
006620,동구바이오제약,KOSDAQ,stock
100130,동국S&C,KOSDAQ,stock
005160,동국산업,KOSDAQ,stock
303810,동국생명과학,KOSDAQ,stock
460850,동국씨엠,KOSPI,stock
075970,동국알앤에스,KOSDAQ,stock
460860,동국제강,KOSPI,stock
086450,동국제약,KOSDAQ,stock
001230,동국홀딩스,KOSPI,stock
023450,동남합성,KOSPI,stock
004140,동방,KOSPI,stock
240550,동방메디컬,KOSDAQ,stock
099410,동방선기,KOSDAQ,stock
007590,동방아그로,KOSPI,stock
005960,동부건설,KOSPI,stock
026960,동서,KOSPI,stock
002210,동성제약,KOSPI,stock
102260,동성케미컬,KOSPI,stock
033500,동성화인텍,KOSDAQ,stock
025950,동신건설,KOSDAQ,stock
000640,동아쏘시오홀딩스,KOSPI,stock
170900,동아에스티,KOSPI,stock
088130,동아엘텍,KOSDAQ,stock
028100,동아지질,KOSPI,stock
001520,동양,KOSPI,stock
084670,동양고속,KOSPI,stock
082640,동양생명,KOSPI,stock
079960,동양이엔피,KOSDAQ,stock
228340,동양파일,KOSDAQ,stock
088910,동우팜투테이블,KOSDAQ,stock
094170,동운아나텍,KOSDAQ,stock
013120,동원개발,KOSDAQ,stock
018500,동원금속,KOSPI,stock
006040,동원산업,KOSPI,stock
014820,동원시스템즈,KOSPI,stock
111380,동인기연,KOSPI,stock
163560,동일고무벨트,KOSPI,stock
109860,동일금속,KOSDAQ,stock
032960,동일기연,KOSDAQ,stock
004890,동일산업,KOSPI,stock
005290,동진쎄미켐,KOSDAQ,stock
025900,동화기업,KOSDAQ,stock
000020,동화약품,KOSPI,stock
000150,두산,KOSPI,stock
000157,두산2우B,KOSPI,stock
454910,두산로보틱스,KOSPI,stock
241560,두산밥캣,KOSPI,stock
034020,두산에너빌리티,KOSPI,stock
000155,두산우,KOSPI,stock
131970,두산테스나,KOSDAQ,stock
336260,두산퓨얼셀,KOSPI,stock
33626K,두산퓨얼셀1우,KOSPI,stock
016740,두올,KOSPI,stock
176750,듀켐바이오,KOSDAQ,stock
203650,드림시큐리티,KOSDAQ,stock
223250,드림씨아이에스,KOSDAQ,stock
060570,드림어스컴퍼니,KOSDAQ,stock
192650,드림텍,KOSPI,stock
187870,디바이스,KOSDAQ,stock
024090,디씨엠,KOSPI,stock
003160,디아이,KOSPI,stock
092200,디아이씨,KOSPI,stock
110990,디아이티,KOSDAQ,stock
263690,디알젬,KOSDAQ,stock
214680,디알텍,KOSDAQ,stock
347850,디앤디파마텍,KOSDAQ,stock
377190,디앤디플랫폼리츠,KOSPI,stock
263720,디앤씨미디어,KOSDAQ,stock
376300,디어유,KOSDAQ,stock
104040,디에스엠,KOSDAQ,stock
109740,디에스케이,KOSDAQ,stock
196490,디에이테크놀로지,KOSDAQ,stock
066900,디에이피,KOSDAQ,stock
092070,디엔에프,KOSDAQ,stock
039840,디오,KOSDAQ,stock
013570,디와이,KOSPI,stock
024900,디와이덕양,KOSPI,stock
219550,디와이디,KOSDAQ,stock
210540,디와이파워,KOSPI,stock
104460,디와이피엔에프,KOSDAQ,stock
197140,디지캡,KOSDAQ,stock
068930,디지털대성,KOSDAQ,stock
033130,디지틀조선,KOSDAQ,stock
105740,디케이락,KOSDAQ,stock
263020,디케이앤디,KOSDAQ,stock
290550,디케이티,KOSDAQ,stock
066670,디티씨,KOSDAQ,stock
187220,디티앤씨,KOSDAQ,stock
383930,디티앤씨알오,KOSDAQ,stock
315640,딥노이드,KOSDAQ,stock
462510,라메디텍,KOSDAQ,stock
232680,라온로보틱스,KOSDAQ,stock
042510,라온시큐어,KOSDAQ,stock
418420,라온텍,KOSDAQ,stock
300120,라온피플,KOSDAQ,stock
171120,라이온켐텍,KOSDAQ,stock
388790,라이콤,KOSDAQ,stock
214260,라파스,KOSDAQ,stock
171010,램테크놀러지,KOSDAQ,stock
084650,랩지노믹스,KOSDAQ,stock
217500,러셀,KOSDAQ,stock
038390,레드캡투어,KOSDAQ,stock
294140,레몬,KOSDAQ,stock
443250,레뷰코퍼레이션,KOSDAQ,stock
228670,레이,KOSDAQ,stock
228850,레이언스,KOSDAQ,stock
412350,레이저쎌,KOSDAQ,stock
199550,레이저옵텍,KOSDAQ,stock
281740,레이크머티리얼즈,KOSDAQ,stock
277810,레인보우로보틱스,KOSDAQ,stock
215100,로보로보,KOSDAQ,stock
090360,로보스타,KOSDAQ,stock
108490,로보티즈,KOSDAQ,stock
900260,로스웰,KOSDAQ,stock
033290,로젠,KOSDAQ,stock
071280,로체시스템즈,KOSDAQ,stock
376900,로킷헬스케어,KOSDAQ,stock
032350,롯데관광개발,KOSPI,stock
089860,롯데렌탈,KOSPI,stock
330590,롯데리츠,KOSPI,stock
000400,롯데손해보험,KOSPI,stock
023530,롯데쇼핑,KOSPI,stock
020150,롯데에너지머티리얼즈,KOSPI,stock
280360,롯데웰푸드,KOSPI,stock
286940,롯데이노베이트,KOSPI,stock
004000,롯데정밀화학,KOSPI,stock
004990,롯데지주,KOSPI,stock
005300,롯데칠성,KOSPI,stock
005305,롯데칠성우,KOSPI,stock
011170,롯데케미칼,KOSPI,stock
071840,롯데하이마트,KOSPI,stock
328130,루닛,KOSDAQ,stock
038060,루멘스,KOSDAQ,stock
474170,루미르,KOSDAQ,stock
141080,리가켐바이오,KOSDAQ,stock
058470,리노공업,KOSDAQ,stock
012700,리드코프,KOSDAQ,stock
302550,리메드,KOSDAQ,stock
491000,리브스메드,KOSDAQ,stock
394420,리센스메디컬,KOSDAQ,stock
377450,리파인,KOSDAQ,stock
277070,린드먼아시아,KOSDAQ,stock
042500,링네트,KOSDAQ,stock
474650,링크솔루션,KOSDAQ,stock
219420,링크제니시스,KOSDAQ,stock
439090,마녀공장,KOSDAQ,stock
195500,마니커에프앤지,KOSDAQ,stock
377480,마음AI,KOSDAQ,stock
305090,마이크로디지탈,KOSDAQ,stock
098120,마이크로컨텍솔,KOSDAQ,stock
424980,마이크로투나노,KOSDAQ,stock
465780,마이티 26-09 특수채(AAA)액티브,KOSPI,stock
442260,마이티 다이나믹퀀트액티브,KOSPI,stock
038290,마크로젠,KOSDAQ,stock
477850,마키나락스,KOSDAQ,stock
001080,만호제강,KOSPI,stock
267980,매일유업,KOSDAQ,stock
005990,매일홀딩스,KOSDAQ,stock
093520,매커스,KOSDAQ,stock
088980,맥쿼리인프라,KOSPI,stock
094800,맵스리얼티,KOSPI,stock
100590,머큐리,KOSDAQ,stock
067280,멀티캠퍼스,KOSDAQ,stock
072870,메가스터디,KOSDAQ,stock
215200,메가스터디교육,KOSDAQ,stock
133750,메가엠디,KOSDAQ,stock
446540,메가터치,KOSDAQ,stock
235980,메드팩토,KOSDAQ,stock
041920,메디아나,KOSDAQ,stock
086900,메디톡스,KOSDAQ,stock
078160,메디포스트,KOSDAQ,stock
610061,메리츠 3X 레버리지 국채30년 ETN,KOSPI,stock
610078,메리츠 3X 레버리지 미국채30년 ETN,KOSPI,stock
610066,메리츠 KAP 통안채 3개월 ETN,KOSPI,stock
610064,메리츠 KAP 통안채 6개월 ETN,KOSPI,stock
610063,메리츠 KIS CD금리투자 ETN,KOSPI,stock
610012,메리츠 레버리지 금 선물 ETN(H),KOSPI,stock
610037,메리츠 미국채30년 ETN(H),KOSPI,stock
610089,메리츠 인버스 2X WTI원유 선물 ETN(H),KOSPI,stock
138040,메리츠금융지주,KOSPI,stock
408920,메쎄이상,KOSDAQ,stock
021880,메이슨캐피탈,KOSDAQ,stock
0088M0,메쥬,KOSDAQ,stock
140410,메지온,KOSDAQ,stock
241770,메카로,KOSDAQ,stock
059210,메타바이오메드,KOSDAQ,stock
058110,멕아이씨에스,KOSDAQ,stock
072770,멤레이비티,KOSDAQ,stock
009900,명신산업,KOSPI,stock
317450,명인제약,KOSPI,stock
012690,모나리자,KOSPI,stock
070960,모나용평,KOSPI,stock
434480,모니터랩,KOSDAQ,stock
080420,모다이노칩,KOSDAQ,stock
417970,모델솔루션,KOSDAQ,stock
080160,모두투어,KOSDAQ,stock
101330,모베이스,KOSDAQ,stock
012860,모베이스전자,KOSDAQ,stock
363260,모비데이즈,KOSDAQ,stock
250060,모비스,KOSDAQ,stock
288980,모아데이타,KOSDAQ,stock
033200,모아텍,KOSDAQ,stock
009680,모토닉,KOSPI,stock
118990,모트렉스,KOSDAQ,stock
463480,모티브링크,KOSDAQ,stock
006920,모헨즈,KOSDAQ,stock
009580,무림P&P,KOSPI,stock
009200,무림페이퍼,KOSPI,stock
033920,무학,KOSPI,stock
095500,미래나노텍,KOSDAQ,stock
254490,미래반도체,KOSDAQ,stock
025560,미래산업,KOSPI,stock
218150,미래생명자원,KOSDAQ,stock
520081,미래에셋 2X 미국 테크&반도체 TOP3 ETN,KOSPI,stock
520089,미래에셋 CAPE 실러 US Core Sector ETN,KOSPI,stock
520094,미래에셋 CD금리 플러스 ETN,KOSPI,stock
520066,미래에셋 KRX금현물 Auto-KO-C 2810-01 ETN,KOSPI,stock
520087,미래에셋 레버리지 KRX 금현물 ETN,KOSPI,stock
520101,미래에셋 레버리지 SK하이닉스 단일종목ETN,KOSPI,stock
520098,미래에셋 레버리지 반도체 ETN,KOSPI,stock
520100,미래에셋 레버리지 삼성전자 단일종목 ETN,KOSPI,stock
520092,미래에셋 레버리지 은 선물 ETN B,KOSPI,stock
520056,미래에셋 레버리지 코스닥150 선물 ETN,KOSPI,stock
520054,미래에셋 레버리지 코스피200 선물 ETN,KOSPI,stock
520080,미래에셋 미국 테크&반도체 TOP3 ETN,KOSPI,stock
520037,미래에셋 코스피200 선물 ETN,KOSPI,stock
520086,미래에셋-0.5X S&P500 VIX S/T선물 ETN(H)B,KOSPI,stock
396690,미래에셋글로벌리츠,KOSPI,stock
100790,미래에셋벤처투자,KOSDAQ,stock
085620,미래에셋생명,KOSPI,stock
006800,미래에셋증권,KOSPI,stock
00680K,미래에셋증권2우B,KOSPI,stock
006805,미래에셋증권우,KOSPI,stock
049950,미래컴퍼니,KOSDAQ,stock
207760,미스터블루,KOSDAQ,stock
081660,미스토홀딩스,KOSPI,stock
002840,미원상사,KOSPI,stock
268280,미원에스씨,KOSPI,stock
107590,미원홀딩스,KOSPI,stock
134380,미원화학,KOSPI,stock
003650,미창석유,KOSPI,stock
059090,미코,KOSDAQ,stock
201490,미투온,KOSDAQ,stock
475460,미트박스,KOSDAQ,stock
452200,민테크,KOSDAQ,stock
206640,바디텍메드,KOSDAQ,stock
053030,바이넥스,KOSDAQ,stock
377740,바이오노트,KOSPI,stock
064550,바이오니아,KOSDAQ,stock
314930,바이오다인,KOSDAQ,stock
489460,바이오비쥬,KOSDAQ,stock
086820,바이오솔루션,KOSDAQ,stock
038460,바이오스마트,KOSDAQ,stock
251120,바이오에프디엔씨,KOSDAQ,stock
086040,바이오톡스텍,KOSDAQ,stock
099430,바이오플러스,KOSDAQ,stock
308080,바이젠셀,KOSDAQ,stock
043150,바텍,KOSDAQ,stock
323990,박셀바이오,KOSDAQ,stock
003610,방림,KOSPI,stock
046310,백금T&A,KOSDAQ,stock
035150,백산,KOSPI,stock
199480,뱅크웨어글로벌,KOSDAQ,stock
438700,버넥트,KOSDAQ,stock
066410,버킷스튜디오,KOSDAQ,stock
002410,범양건영,KOSPI,stock
382900,범한퓨얼셀,KOSDAQ,stock
206400,베노티앤알,KOSDAQ,stock
019010,베뉴지,KOSDAQ,stock
457600,벡트,KOSDAQ,stock
007210,벽산,KOSPI,stock
250000,보라티알,KOSDAQ,stock
002760,보락,KOSPI,stock
003850,보령,KOSPI,stock
310210,보로노이,KOSDAQ,stock
006910,보성파워텍,KOSDAQ,stock
0010F0,보원케미칼,KOSDAQ,stock
003000,부광약품,KOSPI,stock
001270,부국증권,KOSPI,stock
001275,부국증권우,KOSPI,stock
026940,부국철강,KOSPI,stock
014470,부방,KOSDAQ,stock
011390,부산산업,KOSPI,stock
008470,부스타,KOSDAQ,stock
338220,뷰노,KOSDAQ,stock
100120,뷰웍스,KOSDAQ,stock
406820,뷰티스킨,KOSDAQ,stock
099390,브레인즈컴퍼니,KOSDAQ,stock
064480,브리지텍,KOSDAQ,stock
089970,브이엠,KOSDAQ,stock
251630,브이원텍,KOSDAQ,stock
018290,브이티,KOSDAQ,stock
478560,블랙야크아이앤씨,KOSDAQ,stock
439580,블루엠텍,KOSDAQ,stock
033560,블루콤,KOSDAQ,stock
369370,블리츠웨이엔터테인먼트,KOSDAQ,stock
126340,비나텍,KOSDAQ,stock
121800,비덴트,KOSDAQ,stock
082800,비보존 제약,KOSDAQ,stock
318410,비비씨,KOSDAQ,stock
100220,비상교육,KOSPI,stock
146320,비씨엔씨,KOSDAQ,stock
200780,비씨월드제약,KOSDAQ,stock
413640,비아이매트릭스,KOSDAQ,stock
141000,비아트론,KOSDAQ,stock
090460,비에이치,KOSPI,stock
083650,비에이치아이,KOSDAQ,stock
065170,비엘팜텍,KOSDAQ,stock
086670,비엠티,KOSDAQ,stock
488900,비츠로넥스텍,KOSDAQ,stock
082920,비츠로셀,KOSDAQ,stock
042370,비츠로테크,KOSDAQ,stock
307870,비투엔,KOSDAQ,stock
032850,비트컴퓨터,KOSDAQ,stock
049470,비트플래닛,KOSDAQ,stock
093190,빅솔론,KOSDAQ,stock
065450,빅텍,KOSDAQ,stock
044480,빌리언스,KOSDAQ,stock
005180,빙그레,KOSPI,stock
069540,빛과전자,KOSDAQ,stock
072950,빛샘전자,KOSDAQ,stock
451250,삐아,KOSDAQ,stock
143240,사람인,KOSDAQ,stock
466410,사이냅소프트,KOSDAQ,stock
003960,사조대림,KOSPI,stock
008040,사조동아원,KOSPI,stock
007160,사조산업,KOSPI,stock
014710,사조씨푸드,KOSPI,stock
006090,사조오양,KOSPI,stock
452430,사피엔반도체,KOSDAQ,stock
419120,산돌,KOSDAQ,stock
062040,산일전기,KOSPI,stock
122350,삼기,KOSDAQ,stock
419050,삼기에너지솔루션즈,KOSDAQ,stock
014970,삼륭물산,KOSDAQ,stock
005610,삼립,KOSPI,stock
018310,삼목에스폼,KOSDAQ,stock
012210,삼미금속,KOSDAQ,stock
053700,삼보모터스,KOSDAQ,stock
023600,삼보판지,KOSDAQ,stock
001470,삼부토건,KOSPI,stock
530067,삼성 KRX 금현물 ETN,KOSPI,stock
530113,삼성 레버리지 S&P500 선물 ETN,KOSPI,stock
530031,삼성 레버리지 WTI원유 선물 ETN,KOSPI,stock
530055,삼성 레버리지 금 선물 ETN(H),KOSPI,stock
530115,삼성 레버리지 나스닥 100 TR ETN,KOSPI,stock
530061,삼성 레버리지 은 선물 ETN(H),KOSPI,stock
530124,삼성 레버리지 일본니케이225선물 ETN(H),KOSPI,stock
530145,삼성 레버리지 천연가스 선물 ETN D,KOSPI,stock
530104,삼성 레버리지 코스피200 선물 ETN,KOSPI,stock
530134,삼성 블룸버그 인버스2X WTI원유선물 ETN B,KOSPI,stock
530036,삼성 인버스 2X WTI원유 선물 ETN,KOSPI,stock
530136,삼성 인버스 2X 천연가스 선물 ETN D,KOSPI,stock
530107,삼성 인버스 2X 코스닥150 선물 ETN,KOSPI,stock
530131,삼성 인버스0.5X S&P500 VIX S/T선물 ETN B,KOSPI,stock
530126,삼성 코리아 밸류업 TR ETN,KOSPI,stock
028050,삼성E&A,KOSPI,stock
448730,삼성FN리츠,KOSPI,stock
006400,삼성SDI,KOSPI,stock
006405,삼성SDI우,KOSPI,stock
006660,삼성공조,KOSPI,stock
028260,삼성물산,KOSPI,stock
02826K,삼성물산우B,KOSPI,stock
207940,삼성바이오로직스,KOSPI,stock
032830,삼성생명,KOSPI,stock
018260,삼성에스디에스,KOSPI,stock
0126Z0,삼성에피스홀딩스,KOSPI,stock
009150,삼성전기,KOSPI,stock
009155,삼성전기우,KOSPI,stock
005930,삼성전자,KOSPI,stock
005935,삼성전자우,KOSPI,stock
001360,삼성제약,KOSPI,stock
010140,삼성중공업,KOSPI,stock
016360,삼성증권,KOSPI,stock
068290,삼성출판사,KOSPI,stock
029780,삼성카드,KOSPI,stock
000810,삼성화재,KOSPI,stock
000815,삼성화재우,KOSPI,stock
006110,삼아알미늄,KOSPI,stock
009300,삼아제약,KOSDAQ,stock
0120G0,삼양바이오팜,KOSPI,stock
145990,삼양사,KOSPI,stock
003230,삼양식품,KOSPI,stock
482630,삼양엔씨켐,KOSDAQ,stock
484590,삼양컴텍,KOSDAQ,stock
036670,삼양케이씨아이,KOSDAQ,stock
272550,삼양패키징,KOSPI,stock
000070,삼양홀딩스,KOSPI,stock
003720,삼영,KOSPI,stock
002810,삼영무역,KOSPI,stock
054540,삼영엠텍,KOSDAQ,stock
005680,삼영전자,KOSPI,stock
023000,삼원강재,KOSPI,stock
004380,삼익THK,KOSPI,stock
002450,삼익악기,KOSPI,stock
014950,삼익제약,KOSDAQ,stock
002290,삼일기업공사,KOSDAQ,stock
004440,삼일씨엔에스,KOSPI,stock
000520,삼일제약,KOSPI,stock
009770,삼정펄프,KOSPI,stock
037460,삼지전자,KOSDAQ,stock
0013V0,삼진식품,KOSDAQ,stock
005500,삼진제약,KOSPI,stock
000250,삼천당제약,KOSDAQ,stock
004690,삼천리,KOSPI,stock
024950,삼천리자전거,KOSDAQ,stock
038500,삼표시멘트,KOSDAQ,stock
437730,삼현,KOSDAQ,stock
017480,삼현철강,KOSDAQ,stock
010960,삼호개발,KOSPI,stock
046390,삼화네트웍스,KOSDAQ,stock
004450,삼화왕관,KOSPI,stock
009470,삼화전기,KOSPI,stock
011230,삼화전자,KOSPI,stock
001820,삼화콘덴서,KOSPI,stock
038540,상상인,KOSDAQ,stock
001290,상상인증권,KOSPI,stock
041650,상신브레이크,KOSPI,stock
091580,상신이디피,KOSDAQ,stock
263810,상신전자,KOSDAQ,stock
089980,상아프론테크,KOSDAQ,stock
042940,상지건설,KOSDAQ,stock
042600,새로닉스,KOSDAQ,stock
075180,새론오토모티브,KOSPI,stock
107600,새빗켐,KOSDAQ,stock
411080,샌즈랩,KOSDAQ,stock
252990,샘씨엔에스,KOSDAQ,stock
007540,샘표,KOSPI,stock
248170,샘표식품,KOSPI,stock
378800,샤페론,KOSDAQ,stock
294630,서남,KOSDAQ,stock
038070,서린바이오,KOSDAQ,stock
006730,서부T&D,KOSDAQ,stock
079650,서산,KOSDAQ,stock
100660,서암기계공업,KOSDAQ,stock
007860,서연,KOSPI,stock
200880,서연이화,KOSPI,stock
019770,서연탑메탈,KOSDAQ,stock
017390,서울가스,KOSPI,stock
092190,서울바이오시스,KOSDAQ,stock
046890,서울반도체,KOSDAQ,stock
031210,서울보증보험,KOSPI,stock
063170,서울옥션,KOSDAQ,stock
027040,서울전자통신,KOSDAQ,stock
036120,서울평가정보,KOSDAQ,stock
021050,서원,KOSPI,stock
093920,서원인텍,KOSDAQ,stock
189860,서전기전,KOSDAQ,stock
178320,서진시스템,KOSDAQ,stock
122690,서진오토모티브,KOSDAQ,stock
140070,서플러스글로벌,KOSDAQ,stock
011370,서한,KOSDAQ,stock
065710,서호전기,KOSDAQ,stock
008490,서흥,KOSPI,stock
035890,서희건설,KOSDAQ,stock
357550,석경에이티,KOSDAQ,stock
003100,선광,KOSDAQ,stock
007610,선도전기,KOSPI,stock
067370,선바이오,KOSDAQ,stock
171090,선익시스템,KOSDAQ,stock
136490,선진,KOSPI,stock
086710,선진뷰티사이언스,KOSDAQ,stock
014620,성광벤드,KOSDAQ,stock
037350,성도이엔지,KOSDAQ,stock
014910,성문전자,KOSPI,stock
004980,성신양회,KOSPI,stock
458650,성우,KOSDAQ,stock
081580,성우전자,KOSDAQ,stock
045300,성우테크론,KOSDAQ,stock
015750,성우하이텍,KOSDAQ,stock
365340,성일하이텍,KOSDAQ,stock
000180,성창기업지주,KOSPI,stock
043260,성호전자,KOSDAQ,stock
148150,세경하이테크,KOSDAQ,stock
061090,세나테크놀로지,KOSDAQ,stock
340440,세림B&G,KOSDAQ,stock
017510,세명전기,KOSDAQ,stock
0017J0,세미티에스,KOSDAQ,stock
490470,세미파이브,KOSDAQ,stock
004360,세방,KOSPI,stock
004490,세방전지,KOSPI,stock
011560,세보엠이씨,KOSDAQ,stock
396300,세아메카닉스,KOSDAQ,stock
001430,세아베스틸지주,KOSPI,stock
306200,세아제강,KOSPI,stock
003030,세아제강지주,KOSPI,stock
058650,세아홀딩스,KOSPI,stock
100700,세운메디칼,KOSDAQ,stock
024830,세원물산,KOSDAQ,stock
021820,세원정공,KOSPI,stock
067830,세이브존I&C,KOSPI,stock
258830,세종메디칼,KOSDAQ,stock
036630,세종텔레콤,KOSDAQ,stock
075580,세진중공업,KOSPI,stock
053450,세코닉스,KOSDAQ,stock
321370,센서뷰,KOSDAQ,stock
347000,센코,KOSDAQ,stock
331920,셀레믹스,KOSDAQ,stock
471820,셀로맥스사이언스,KOSDAQ,stock
049180,셀루메드,KOSDAQ,stock
299660,셀리드,KOSDAQ,stock
108860,셀바스AI,KOSDAQ,stock
208370,셀바스헬스케어,KOSDAQ,stock
318160,셀바이오휴먼텍,KOSDAQ,stock
308430,셀비온,KOSDAQ,stock
068270,셀트리온,KOSPI,stock
068760,셀트리온제약,KOSDAQ,stock
068940,셀피글로벌,KOSDAQ,stock
007720,소노스퀘어,KOSDAQ,stock
290690,소룩스,KOSDAQ,stock
950200,소마젠,KOSDAQ,stock
066910,손오공,KOSDAQ,stock
215090,솔디펜스,KOSDAQ,stock
336370,솔루스첨단소재,KOSPI,stock
248070,솔루엠,KOSPI,stock
035610,솔본,KOSDAQ,stock
357780,솔브레인,KOSDAQ,stock
036830,솔브레인홀딩스,KOSDAQ,stock
304100,솔트룩스,KOSDAQ,stock
004430,송원산업,KOSPI,stock
086980,쇼박스,KOSDAQ,stock
017550,수산세보틱스,KOSPI,stock
050960,수산아이앤티,KOSDAQ,stock
126720,수산인더스트리,KOSPI,stock
253840,수젠텍,KOSDAQ,stock
298830,슈어소프트테크,KOSDAQ,stock
236200,슈프리마,KOSDAQ,stock
094840,슈프리마에이치큐,KOSDAQ,stock
192440,슈피겐코리아,KOSDAQ,stock
424960,스마트레이더시스템,KOSDAQ,stock
099440,스맥,KOSDAQ,stock
066590,스모트로닉,KOSDAQ,stock
053210,스카이라이프,KOSPI,stock
330730,스톤브릿지벤처스,KOSDAQ,stock
352090,스톰테크,KOSDAQ,stock
253450,스튜디오드래곤,KOSDAQ,stock
408900,스튜디오미르,KOSDAQ,stock
026890,스틱인베스트먼트,KOSPI,stock
013810,스페코,KOSDAQ,stock
347700,스피어,KOSDAQ,stock
049830,승일,KOSDAQ,stock
020710,시공테크,KOSDAQ,stock
033170,시그네틱스,KOSDAQ,stock
048870,시너지이노베이션,KOSDAQ,stock
025320,시노펙스,KOSDAQ,stock
340810,시선AI,KOSDAQ,stock
269620,시스웍,KOSDAQ,stock
056090,시지메드텍,KOSDAQ,stock
429270,시지트로닉스,KOSDAQ,stock
418250,시큐레터,KOSDAQ,stock
131090,시큐브,KOSDAQ,stock
462870,시프트업,KOSPI,stock
016590,신대양제지,KOSPI,stock
290520,신도기연,KOSDAQ,stock
029530,신도리코,KOSPI,stock
004970,신라교역,KOSPI,stock
001000,신라섬유,KOSDAQ,stock
215600,신라젠,KOSDAQ,stock
065350,신성델타테크,KOSDAQ,stock
416180,신성에스티,KOSDAQ,stock
011930,신성이엔지,KOSPI,stock
004170,신세계,KOSPI,stock
035510,신세계 I&C,KOSPI,stock
031430,신세계인터내셔날,KOSPI,stock
031440,신세계푸드,KOSPI,stock
006880,신송홀딩스,KOSPI,stock
162300,신스틸,KOSDAQ,stock
002800,신신제약,KOSDAQ,stock
005800,신영와코루,KOSPI,stock
001720,신영증권,KOSPI,stock
009270,신원,KOSPI,stock
017000,신원종합개발,KOSDAQ,stock
002700,신일전자,KOSPI,stock
012790,신일제약,KOSDAQ,stock
226330,신테카바이오,KOSDAQ,stock
019170,신풍제약,KOSPI,stock
500095,신한 S&P500 VIX S/T 선물 ETN E,KOSPI,stock
500099,신한 WTI원유 선물 ETN,KOSPI,stock
500050,신한 레버리지 S&P500 선물 ETN,KOSPI,stock
500037,신한 레버리지 금 선물 ETN,KOSPI,stock
500020,신한 레버리지 다우존스지수 선물 ETN(H),KOSPI,stock
500029,신한 레버리지 은 선물 ETN(H),KOSPI,stock
500071,신한 레버리지 코스닥 150 선물 ETN,KOSPI,stock
500069,신한 레버리지 코스피 200 선물 ETN,KOSPI,stock
500094,신한 블룸버그 인버스2X WTI원유선물 ETN B,KOSPI,stock
500096,신한 인버스2X 천연가스 선물 ETN B,KOSPI,stock
404990,신한서부티엔디리츠,KOSPI,stock
293940,신한알파리츠,KOSPI,stock
055550,신한지주,KOSPI,stock
056700,신화인터텍,KOSDAQ,stock
187270,신화콘텍,KOSDAQ,stock
095190,신화프리텍,KOSDAQ,stock
004080,신흥,KOSPI,stock
243840,신흥에스이씨,KOSDAQ,stock
257720,실리콘투,KOSDAQ,stock
222800,심텍,KOSDAQ,stock
036710,심텍홀딩스,KOSDAQ,stock
444530,심플랫폼,KOSDAQ,stock
234030,싸이닉솔루션,KOSDAQ,stock
160980,싸이맥스,KOSDAQ,stock
356890,싸이버원,KOSDAQ,stock
217330,싸이토젠,KOSDAQ,stock
004770,써니전자,KOSPI,stock
222420,쎄노텍,KOSDAQ,stock
037760,쎄니트,KOSDAQ,stock
081180,쎄크,KOSDAQ,stock
099320,쎄트렉아이,KOSDAQ,stock
049960,쎌바이오텍,KOSDAQ,stock
088280,쏘닉스,KOSDAQ,stock
403550,쏘카,KOSPI,stock
050890,쏠리드,KOSDAQ,stock
394800,쓰리빌리언,KOSDAQ,stock
177900,쓰리에이로직스,KOSDAQ,stock
475400,씨메스로보틱스,KOSDAQ,stock
066790,씨씨에스,KOSDAQ,stock
222080,씨아이에스,KOSDAQ,stock
004920,씨아이테크,KOSPI,stock
352480,씨앤씨인터내셔널,KOSDAQ,stock
264660,씨앤지하이테크,KOSDAQ,stock
352700,씨앤투스,KOSDAQ,stock
458870,씨어스,KOSDAQ,stock
297090,씨에스베어링,KOSDAQ,stock
112610,씨에스윈드,KOSPI,stock
359090,씨엔알리서치,KOSDAQ,stock
388210,씨엠티엑스,KOSDAQ,stock
376290,씨유테크,KOSDAQ,stock
189330,씨이랩,KOSDAQ,stock
096530,씨젠,KOSDAQ,stock
480370,씨케이솔루션,KOSPI,stock
101240,씨큐브,KOSDAQ,stock
060590,씨티씨바이오,KOSDAQ,stock
260930,씨티케이,KOSDAQ,stock
413630,씨피시스템,KOSDAQ,stock
013990,아가방컴퍼니,KOSDAQ,stock
123860,아나패스,KOSDAQ,stock
025980,아난티,KOSDAQ,stock
008700,아남전자,KOSPI,stock
0015N0,아로마티카,KOSDAQ,stock
261780,아리바이오랩,KOSDAQ,stock
125210,아모그린텍,KOSDAQ,stock
090430,아모레퍼시픽,KOSPI,stock
090435,아모레퍼시픽우,KOSPI,stock
002790,아모레퍼시픽홀딩스,KOSPI,stock
00279K,아모레퍼시픽홀딩스3우C,KOSPI,stock
002795,아모레퍼시픽홀딩스우,KOSPI,stock
357580,아모센스,KOSDAQ,stock
052710,아모텍,KOSDAQ,stock
074430,아미노로직스,KOSDAQ,stock
092040,아미코젠,KOSDAQ,stock
083930,아바코,KOSDAQ,stock
149950,아바텍,KOSDAQ,stock
036010,아비코전자,KOSDAQ,stock
002030,아세아,KOSPI,stock
183190,아세아시멘트,KOSPI,stock
002310,아세아제지,KOSPI,stock
050860,아세아텍,KOSDAQ,stock
136410,아셈스,KOSDAQ,stock
246720,아스타,KOSDAQ,stock
450950,아스테라시스,KOSDAQ,stock
067390,아스트,KOSDAQ,stock
159010,아스플로,KOSDAQ,stock
127710,아시아경제,KOSDAQ,stock
267850,아시아나IDT,KOSPI,stock
020560,아시아나항공,KOSPI,stock
331740,아우토크립트,KOSDAQ,stock
143160,아이디스,KOSDAQ,stock
054800,아이디스홀딩스,KOSDAQ,stock
332370,아이디피,KOSDAQ,stock
066430,아이로보틱스,KOSDAQ,stock
122900,아이마켓코리아,KOSPI,stock
339950,아이비김영,KOSDAQ,stock
469750,아이비젼웍스,KOSDAQ,stock
460470,아이빔테크놀로지,KOSDAQ,stock
099190,아이센스,KOSDAQ,stock
461300,아이스크림미디어,KOSDAQ,stock
214430,아이쓰리시스템,KOSDAQ,stock
040910,아이씨디,KOSDAQ,stock
456010,아이씨티케이,KOSDAQ,stock
052860,아이앤씨,KOSDAQ,stock
464500,아이언디바이스,KOSDAQ,stock
010780,아이에스동서,KOSPI,stock
212710,아이에스티이,KOSDAQ,stock
307180,아이엘,KOSDAQ,stock
493280,아이엠바이오로직스,KOSDAQ,stock
461030,아이엠비디엑스,KOSDAQ,stock
0007N0,아이엠에셋 200,KOSPI,stock
451220,아이엠티,KOSDAQ,stock
031310,아이즈비전,KOSDAQ,stock
462980,아이지넷,KOSDAQ,stock
185490,아이진,KOSDAQ,stock
059100,아이컴포넌트,KOSDAQ,stock
262840,아이퀘스트,KOSDAQ,stock
175250,아이큐어,KOSDAQ,stock
052460,아이크래프트,KOSDAQ,stock
119830,아이텍,KOSDAQ,stock
124500,아이티센글로벌,KOSDAQ,stock
031820,아이티센씨티에스,KOSPI,stock
010280,아이티센엔텍,KOSDAQ,stock
232830,아이티센피엔에스,KOSDAQ,stock
084850,아이티엠반도체,KOSDAQ,stock
309710,아이티켐,KOSDAQ,stock
114840,아이패밀리에스씨,KOSDAQ,stock
027360,아주IB투자,KOSDAQ,stock
139990,아주스틸,KOSPI,stock
013310,아진산업,KOSDAQ,stock
059120,아진엑스텍,KOSDAQ,stock
0007C0,아크릴,KOSDAQ,stock
203690,아크솔루션스,KOSDAQ,stock
158430,아톤,KOSDAQ,stock
200350,아티스트스튜디오,KOSDAQ,stock
321820,아티스트컴퍼니,KOSDAQ,stock
001540,안국약품,KOSDAQ,stock
053800,안랩,KOSDAQ,stock
065660,안트로젠,KOSDAQ,stock
297570,알로이스,KOSDAQ,stock
001780,알루코,KOSPI,stock
260660,알리코제약,KOSDAQ,stock
354320,알멕,KOSDAQ,stock
361570,알비더블유,KOSDAQ,stock
131370,알서포트,KOSDAQ,stock
140670,알에스오토메이션,KOSDAQ,stock
096610,알에프세미,KOSDAQ,stock
061040,알에프텍,KOSDAQ,stock
148250,알엔투테크놀로지,KOSDAQ,stock
123010,알엔티엑스,KOSDAQ,stock
476830,알지노믹스,KOSDAQ,stock
347860,알체라,KOSDAQ,stock
196170,알테오젠,KOSDAQ,stock
459550,알트,KOSDAQ,stock
117670,알파칩스,KOSDAQ,stock
314140,알피바이오,KOSDAQ,stock
291650,압타머사이언스,KOSDAQ,stock
293780,압타바이오,KOSDAQ,stock
018250,애경산업,KOSPI,stock
161000,애경케미칼,KOSPI,stock
310200,애니플러스,KOSDAQ,stock
179530,애드바이오텍,KOSDAQ,stock
0011A0,액스비스,KOSDAQ,stock
052790,액토즈소프트,KOSDAQ,stock
290740,액트로,KOSDAQ,stock
238090,앤디포스,KOSDAQ,stock
138360,앤로보틱스,KOSDAQ,stock
129890,앱코,KOSDAQ,stock
174900,앱클론,KOSDAQ,stock
109960,앱토크롬,KOSDAQ,stock
255440,야스,KOSDAQ,stock
030960,양지사,KOSDAQ,stock
102120,어보브반도체,KOSDAQ,stock
238120,얼라인드,KOSDAQ,stock
019990,에너토크,KOSDAQ,stock
435570,에르코스,KOSDAQ,stock
270660,에브리봇,KOSDAQ,stock
442090,에셋플러스 코리아대장장이액티브,KOSPI,stock
038680,에스넷,KOSDAQ,stock
137310,에스디바이오센서,KOSPI,stock
217480,에스디생명공학,KOSDAQ,stock
304360,에스바이오메딕스,KOSDAQ,stock
389500,에스비비테크,KOSDAQ,stock
042110,에스씨디,KOSDAQ,stock
260970,에스앤디,KOSDAQ,stock
101490,에스앤에스텍,KOSDAQ,stock
095910,에스에너지,KOSDAQ,stock
031330,에스에이엠티,KOSDAQ,stock
060540,에스에이티,KOSDAQ,stock
056190,에스에프에이,KOSDAQ,stock
0008Z0,에스엔시스,KOSDAQ,stock
005850,에스엘,KOSPI,stock
246250,에스엘에스바이오,KOSDAQ,stock
041510,에스엠,KOSDAQ,stock
010580,에스엠벡셀,KOSPI,stock
460870,에스엠씨지,KOSDAQ,stock
464080,에스오에스랩,KOSDAQ,stock
109610,에스와이,KOSDAQ,stock
365330,에스와이스틸텍,KOSDAQ,stock
012750,에스원,KOSPI,stock
475660,에스켐,KOSDAQ,stock
096630,에스코넥,KOSDAQ,stock
069510,에스텍,KOSDAQ,stock
488280,에스투더블유,KOSDAQ,stock
234300,에스트래픽,KOSDAQ,stock
039440,에스티아이,KOSDAQ,stock
052020,에스티큐브,KOSDAQ,stock
237690,에스티팜,KOSDAQ,stock
458350,에스팀,KOSDAQ,stock
288620,에스프리즘,KOSDAQ,stock
443670,에스피소프트,KOSDAQ,stock
317830,에스피시스템스,KOSDAQ,stock
058610,에스피지,KOSDAQ,stock
043340,에쎈테크,KOSDAQ,stock
163280,에어레인,KOSDAQ,stock
298690,에어부산,KOSPI,stock
200710,에이디테크놀로지,KOSDAQ,stock
475580,에이럭스,KOSDAQ,stock
078520,에이블씨엔씨,KOSPI,stock
298380,에이비엘바이오,KOSDAQ,stock
203400,에이비온,KOSDAQ,stock
195990,에이비프로바이오,KOSDAQ,stock
003800,에이스침대,KOSDAQ,stock
088800,에이스테크,KOSDAQ,stock
241840,에이스토리,KOSDAQ,stock
364950,에이아이코리아,KOSDAQ,stock
453860,에이에스텍,KOSDAQ,stock
172670,에이엘티,KOSDAQ,stock
481070,에이유브랜즈,KOSDAQ,stock
445090,에이직랜드,KOSDAQ,stock
295310,에이치브이엠,KOSDAQ,stock
072990,에이치시티,KOSDAQ,stock
044990,에이치엔에스하이텍,KOSDAQ,stock
239610,에이치엘사이언스,KOSDAQ,stock
036170,에이치엠넥스,KOSDAQ,stock
148930,에이치와이티씨,KOSDAQ,stock
357230,에이치피오,KOSDAQ,stock
355690,에이텀,KOSDAQ,stock
071670,에이테크솔루션,KOSDAQ,stock
045660,에이텍,KOSDAQ,stock
224110,에이텍모빌리티,KOSDAQ,stock
021080,에이티넘인베스트,KOSDAQ,stock
200470,에이팩트,KOSDAQ,stock
262260,에이프로,KOSDAQ,stock
007460,에이프로젠,KOSPI,stock
397030,에이프릴바이오,KOSDAQ,stock
244920,에이플러스에셋,KOSPI,stock
278470,에이피알,KOSPI,stock
0009K0,에임드바이오,KOSDAQ,stock
230240,에치에프알,KOSDAQ,stock
159910,에코글로우,KOSDAQ,stock
230360,에코마케팅,KOSDAQ,stock
448280,에코아이,KOSDAQ,stock
101360,에코앤드림,KOSDAQ,stock
128540,에코캡,KOSDAQ,stock
086520,에코프로,KOSDAQ,stock
450080,에코프로머티,KOSPI,stock
247540,에코프로비엠,KOSDAQ,stock
383310,에코프로에이치엔,KOSDAQ,stock
038110,에코플라스틱,KOSDAQ,stock
073540,에프알텍,KOSDAQ,stock
064850,에프앤가이드,KOSDAQ,stock
036810,에프에스티,KOSDAQ,stock
173940,에프엔씨엔터,KOSDAQ,stock
083500,에프엔에스테크,KOSDAQ,stock
317530,에피소드컴퍼니,KOSDAQ,stock
950130,엑세스바이오,KOSDAQ,stock
205100,엑셈,KOSDAQ,stock
356680,엑스게이트,KOSDAQ,stock
070300,엑스큐어,KOSDAQ,stock
317770,엑스페릭스,KOSDAQ,stock
373200,엑스플러스,KOSDAQ,stock
092870,엑시콘,KOSDAQ,stock
317870,엔바이오니아,KOSDAQ,stock
067570,엔브이에이치코리아,KOSDAQ,stock
0004V0,엔비알모션,KOSDAQ,stock
333620,엔시스,KOSDAQ,stock
475230,엔알비,KOSDAQ,stock
265740,엔에프씨,KOSDAQ,stock
455900,엔젤로보틱스,KOSDAQ,stock
419080,엔젯,KOSDAQ,stock
183490,엔지켐생명과학,KOSDAQ,stock
085310,엔케이,KOSPI,stock
182400,엔케이젠바이오텍코리아,KOSDAQ,stock
348370,엔켐,KOSDAQ,stock
069410,엔텔스,KOSDAQ,stock
227950,엔투텍,KOSDAQ,stock
900140,엘브이엠씨홀딩스,KOSPI,stock
290650,엘앤씨바이오,KOSDAQ,stock
066970,엘앤에프,KOSPI,stock
156100,엘앤케이바이오,KOSDAQ,stock
073110,엘엠에스,KOSDAQ,stock
083310,엘오티베큠,KOSDAQ,stock
037950,엘컴텍,KOSDAQ,stock
489500,엘케이켐,KOSDAQ,stock
170920,엘티씨,KOSDAQ,stock
058630,엠게임,KOSDAQ,stock
226590,엠디바이스,KOSDAQ,stock
058970,엠로,KOSDAQ,stock
169330,엠브레인,KOSDAQ,stock
097520,엠씨넥스,KOSPI,stock
373170,엠아이큐브솔루션,KOSDAQ,stock
179290,엠아이텍,KOSDAQ,stock
484870,엠앤씨솔루션,KOSPI,stock
009780,엠에스씨,KOSDAQ,stock
123040,엠에스오토텍,KOSDAQ,stock
432980,엠에프씨,KOSDAQ,stock
007820,엠엑스로보틱스,KOSDAQ,stock
347890,엠엑스온,KOSDAQ,stock
413390,엠오티,KOSDAQ,stock
032790,엠젠솔루션,KOSDAQ,stock
033160,엠케이전자,KOSDAQ,stock
033310,엠투엔,KOSDAQ,stock
259630,엠플러스,KOSDAQ,stock
105550,엣지파운드리,KOSDAQ,stock
060850,영림원소프트랩,KOSDAQ,stock
014440,영보화학,KOSPI,stock
143540,영우디에스피,KOSDAQ,stock
111770,영원무역,KOSPI,stock
009970,영원무역홀딩스,KOSPI,stock
003520,영진약품,KOSPI,stock
000670,영풍,KOSPI,stock
265560,영화테크,KOSDAQ,stock
036000,예림당,KOSDAQ,stock
053280,예스24,KOSDAQ,stock
122640,예스티,KOSDAQ,stock
476040,오가노이드사이언스,KOSDAQ,stock
900300,오가닉티코스메틱,KOSDAQ,stock
045060,오공,KOSDAQ,stock
192410,오늘이엔엠,KOSDAQ,stock
080520,오디텍,KOSDAQ,stock
007310,오뚜기,KOSPI,stock
039830,오로라,KOSDAQ,stock
322310,오로스테크놀로지,KOSDAQ,stock
046120,오르비텍,KOSDAQ,stock
475830,오름테라퓨틱,KOSDAQ,stock
014940,오리엔탈정공,KOSDAQ,stock
002630,오리엔트바이오,KOSPI,stock
065500,오리엔트정공,KOSDAQ,stock
271560,오리온,KOSPI,stock
001800,오리온홀딩스,KOSPI,stock
010470,오리콤,KOSDAQ,stock
417860,오브젠,KOSDAQ,stock
352910,오비고,KOSDAQ,stock
053980,오상자이엘,KOSDAQ,stock
036220,오상헬스케어,KOSDAQ,stock
052420,오성첨단소재,KOSDAQ,stock
039200,오스코텍,KOSDAQ,stock
226400,오스테오닉,KOSDAQ,stock
031510,오스템,KOSDAQ,stock
138080,오이솔루션,KOSDAQ,stock
080580,오킨스전자,KOSDAQ,stock
067170,오텍,KOSDAQ,stock
173130,오파스넷,KOSDAQ,stock
049480,오픈베이스,KOSDAQ,stock
394280,오픈엣지테크놀로지,KOSDAQ,stock
476060,온코닉테라퓨틱스,KOSDAQ,stock
382150,온코크로스,KOSDAQ,stock
226950,올릭스,KOSDAQ,stock
057540,옴니시스템,KOSDAQ,stock
131030,옵투스제약,KOSDAQ,stock
082210,옵트론텍,KOSDAQ,stock
109080,옵티시스,KOSDAQ,stock
380540,옵티코어,KOSDAQ,stock
153710,옵티팜,KOSDAQ,stock
432430,와이랩,KOSDAQ,stock
338840,와이바이오로직스,KOSDAQ,stock
122990,와이솔,KOSDAQ,stock
232140,와이씨,KOSDAQ,stock
112290,와이씨켐,KOSDAQ,stock
065530,와이어블,KOSDAQ,stock
067900,와이엔텍,KOSDAQ,stock
007530,와이엠,KOSDAQ,stock
155650,와이엠씨,KOSDAQ,stock
273640,와이엠텍,KOSDAQ,stock
251370,와이엠티,KOSDAQ,stock
209640,와이제이링크,KOSDAQ,stock
096250,와이즈넛,KOSDAQ,stock
273060,와이즈버즈,KOSDAQ,stock
019210,와이지-원,KOSDAQ,stock
122870,와이지엔터테인먼트,KOSDAQ,stock
011690,와이투솔루션,KOSPI,stock
079000,와토스코리아,KOSDAQ,stock
403490,우듬지팜,KOSDAQ,stock
316140,우리금융지주,KOSPI,stock
032820,우리기술,KOSDAQ,stock
041190,우리기술투자,KOSDAQ,stock
115440,우리넷,KOSDAQ,stock
046970,우리로,KOSDAQ,stock
082850,우리바이오,KOSDAQ,stock
215360,우리산업,KOSDAQ,stock
072470,우리산업홀딩스,KOSDAQ,stock
073560,우리손에프앤지,KOSDAQ,stock
153490,우리이앤엘하루틴,KOSDAQ,stock
101170,우림피티에스,KOSDAQ,stock
006980,우성,KOSPI,stock
017370,우신시스템,KOSPI,stock
103840,우양,KOSDAQ,stock
101970,우양에이치씨,KOSDAQ,stock
046940,우원개발,KOSDAQ,stock
215380,우정바이오,KOSDAQ,stock
065680,우주일렉트로,KOSDAQ,stock
105840,우진,KOSPI,stock
457550,우진엔텍,KOSDAQ,stock
016880,웅진,KOSPI,stock
095720,웅진씽크빅,KOSPI,stock
396470,워트,KOSDAQ,stock
307280,원바이오젠,KOSDAQ,stock
032940,원익,KOSDAQ,stock
240810,원익IPS,KOSDAQ,stock
074600,원익QnC,KOSDAQ,stock
104830,원익머트리얼즈,KOSDAQ,stock
014190,원익큐브,KOSDAQ,stock
217820,원익피앤이,KOSDAQ,stock
030530,원익홀딩스,KOSDAQ,stock
012620,원일특강,KOSDAQ,stock
136150,원일티엔아이,KOSDAQ,stock
382840,원준,KOSDAQ,stock
336570,원텍,KOSDAQ,stock
008370,원풍,KOSDAQ,stock
101160,월덱스,KOSDAQ,stock
336060,웨이버스,KOSDAQ,stock
095270,웨이브일렉트로,KOSDAQ,stock
289930,웨이비스,KOSDAQ,stock
065950,웰크론,KOSDAQ,stock
069080,웹젠,KOSDAQ,stock
053580,웹케시,KOSDAQ,stock
479960,위너스일렉,KOSDAQ,stock
044340,위닉스,KOSDAQ,stock
330350,위더스제약,KOSDAQ,stock
348350,위드텍,KOSDAQ,stock
112040,위메이드,KOSDAQ,stock
101730,위메이드맥스,KOSDAQ,stock
123420,위메이드플레이,KOSDAQ,stock
065370,위세아이텍,KOSDAQ,stock
038620,위즈코프,KOSDAQ,stock
299900,위지윅스튜디오,KOSDAQ,stock
036090,위지트,KOSDAQ,stock
459100,위츠,KOSDAQ,stock
136540,윈스테크넷,KOSDAQ,stock
097800,윈팩,KOSDAQ,stock
033270,유나이티드제약,KOSPI,stock
014830,유니드,KOSPI,stock
036200,유니셈,KOSDAQ,stock
018000,유니슨,KOSDAQ,stock
000910,유니온,KOSPI,stock
203450,유니온바이오메트릭스,KOSDAQ,stock
077500,유니퀘스트,KOSPI,stock
011320,유니크,KOSDAQ,stock
086390,유니테스트,KOSDAQ,stock
241690,유니테크노,KOSDAQ,stock
142210,유니트론텍,KOSDAQ,stock
088340,유라클,KOSDAQ,stock
048430,유라테크,KOSDAQ,stock
206650,유바이오로직스,KOSDAQ,stock
089850,유비벨록스,KOSDAQ,stock
264450,유비쿼스,KOSDAQ,stock
078070,유비쿼스홀딩스,KOSDAQ,stock
024800,유성티엔에스,KOSDAQ,stock
000700,유수홀딩스,KOSPI,stock
054930,유신,KOSDAQ,stock
049520,유아이엘,KOSDAQ,stock
003470,유안타증권,KOSPI,stock
003475,유안타증권우,KOSPI,stock
263770,유에스티,KOSDAQ,stock
072130,유엔젤,KOSPI,stock
000220,유유제약,KOSPI,stock
388720,유일로보틱스,KOSDAQ,stock
340930,유일에너테크,KOSDAQ,stock
023410,유진기업,KOSDAQ,stock
056080,유진로봇,KOSDAQ,stock
084370,유진테크,KOSDAQ,stock
001200,유진투자증권,KOSPI,stock
179900,유티아이,KOSDAQ,stock
263050,유틸렉스,KOSDAQ,stock
000100,유한양행,KOSPI,stock
000105,유한양행우,KOSPI,stock
003460,유화증권,KOSPI,stock
003465,유화증권우,KOSPI,stock
372170,윤성에프앤씨,KOSDAQ,stock
146060,율촌,KOSDAQ,stock
008730,율촌화학,KOSPI,stock
039020,이건홀딩스,KOSDAQ,stock
025820,이구산업,KOSPI,stock
067920,이글루,KOSDAQ,stock
044960,이글벳,KOSDAQ,stock
302430,이노메트리,KOSDAQ,stock
214320,이노션,KOSPI,stock
462350,이노스페이스,KOSDAQ,stock
296640,이노에이엑스,KOSDAQ,stock
215790,이노인스트루먼트,KOSDAQ,stock
469610,이노테크,KOSDAQ,stock
088390,이녹스,KOSDAQ,stock
272290,이녹스첨단소재,KOSDAQ,stock
053350,이니텍,KOSDAQ,stock
452400,이닉스,KOSDAQ,stock
264850,이랜시스,KOSDAQ,stock
054210,이랜텍,KOSDAQ,stock
065440,이루온,KOSDAQ,stock
088260,이리츠코크렙,KOSPI,stock
139480,이마트,KOSPI,stock
424870,이뮨온시아,KOSDAQ,stock
131400,이브이첨단소재,KOSDAQ,stock
351330,이삭엔지니어링,KOSDAQ,stock
080010,이상네트웍스,KOSDAQ,stock
457190,이수스페셜티케미컬,KOSPI,stock
086890,이수앱지스,KOSDAQ,stock
007660,이수페타시스,KOSPI,stock
005950,이수화학,KOSPI,stock
047560,이스트소프트,KOSDAQ,stock
456070,이엔셀,KOSDAQ,stock
102710,이엔에프테크놀로지,KOSDAQ,stock
041520,이엘씨,KOSDAQ,stock
123570,이엠넷,KOSDAQ,stock
091120,이엠텍,KOSDAQ,stock
102460,이연제약,KOSPI,stock
039030,이오테크닉스,KOSDAQ,stock
294090,이오플로우,KOSDAQ,stock
084680,이월드,KOSPI,stock
353810,이지바이오,KOSDAQ,stock
261520,이지스,KOSDAQ,stock
350520,이지스레지던스리츠,KOSPI,stock
334890,이지스밸류플러스리츠,KOSPI,stock
099750,이지케어텍,KOSDAQ,stock
035810,이지홀딩스,KOSDAQ,stock
092130,이크레더블,KOSDAQ,stock
001840,이화공영,KOSDAQ,stock
041830,인바디,KOSDAQ,stock
101140,인바이오젠,KOSPI,stock
0007J0,인벤테라,KOSDAQ,stock
389470,인벤티지랩,KOSDAQ,stock
277410,인산가,KOSDAQ,stock
060150,인선이엔티,KOSDAQ,stock
033230,인성정보,KOSDAQ,stock
450520,인스웨이브,KOSDAQ,stock
465480,인스피언,KOSDAQ,stock
037330,인지디스플레,KOSDAQ,stock
100030,인지소프트,KOSDAQ,stock
023800,인지컨트롤스,KOSPI,stock
034590,인천도시가스,KOSPI,stock
211050,인카금융서비스,KOSDAQ,stock
064090,인크레더블버즈,KOSDAQ,stock
216050,인크로스,KOSDAQ,stock
049070,인탑스,KOSDAQ,stock
119610,인터로조,KOSDAQ,stock
129260,인터지스,KOSPI,stock
051370,인터플렉스,KOSDAQ,stock
064290,인텍플러스,KOSDAQ,stock
189300,인텔리안테크,KOSDAQ,stock
287840,인투셀,KOSDAQ,stock
048530,인트론바이오,KOSDAQ,stock
023810,인팩,KOSPI,stock
115310,인포바인,KOSDAQ,stock
039290,인포뱅크,KOSDAQ,stock
071200,인피니트헬스케어,KOSDAQ,stock
101930,인화정공,KOSDAQ,stock
249420,일동제약,KOSPI,stock
000230,일동홀딩스,KOSPI,stock
013360,일성건설,KOSPI,stock
003120,일성아이에스,KOSPI,stock
333430,일승,KOSDAQ,stock
068330,일신바이오,KOSDAQ,stock
003200,일신방직,KOSPI,stock
007110,일신석재,KOSPI,stock
007570,일양약품,KOSPI,stock
178780,일월지엠엘,KOSDAQ,stock
019540,일지테크,KOSDAQ,stock
081000,일진다이아,KOSPI,stock
020760,일진디스플,KOSPI,stock
103590,일진전기,KOSPI,stock
094820,일진파워,KOSDAQ,stock
271940,일진하이솔루스,KOSPI,stock
015860,일진홀딩스,KOSPI,stock
226320,잇츠한불,KOSPI,stock
950140,잉글우드랩,KOSDAQ,stock
049550,잉크테크,KOSDAQ,stock
389020,자람테크놀로지,KOSDAQ,stock
254120,자비스,KOSDAQ,stock
043910,자연과환경,KOSDAQ,stock
234920,자이글,KOSDAQ,stock
289220,자이언트스텝,KOSDAQ,stock
317400,자이에스앤디,KOSPI,stock
033240,자화전자,KOSPI,stock
049630,재영솔루텍,KOSDAQ,stock
417840,저스템,KOSDAQ,stock
079900,전진건설로봇,KOSPI,stock
208140,정다운,KOSDAQ,stock
040420,정상제이엘에스,KOSDAQ,stock
217190,제너셈,KOSDAQ,stock
095700,제넥신,KOSDAQ,stock
122310,제노레이,KOSDAQ,stock
361390,제노코,KOSDAQ,stock
225220,제놀루션,KOSDAQ,stock
123330,제닉,KOSDAQ,stock
381620,제닉스로보틱스,KOSDAQ,stock
159580,제로투세븐,KOSDAQ,stock
147830,제룡산업,KOSDAQ,stock
033100,제룡전기,KOSDAQ,stock
079370,제우스,KOSDAQ,stock
054950,제이브이엠,KOSDAQ,stock
090470,제이스로보틱스,KOSDAQ,stock
023440,제이스코홀딩스,KOSDAQ,stock
137950,제이씨케미칼,KOSDAQ,stock
033320,제이씨현시스템,KOSDAQ,stock
417500,제이아이테크,KOSDAQ,stock
348950,제이알글로벌리츠,KOSPI,stock
204270,제이앤티씨,KOSDAQ,stock
127120,제이에스링크,KOSDAQ,stock
194370,제이에스코퍼레이션,KOSPI,stock
026040,제이에스티나,KOSDAQ,stock
452160,제이엔비,KOSDAQ,stock
126880,제이엔케이글로벌,KOSDAQ,stock
322510,제이엘케이,KOSDAQ,stock
033050,제이엠아이,KOSDAQ,stock
094970,제이엠티,KOSDAQ,stock
418550,제이오,KOSDAQ,stock
420570,제이투케이바이오,KOSDAQ,stock
089790,제이티,KOSDAQ,stock
0010V0,제이피아이헬스케어,KOSDAQ,stock
030000,제일기획,KOSPI,stock
271980,제일약품,KOSPI,stock
412540,제일엠앤에스,KOSDAQ,stock
001560,제일연마,KOSPI,stock
199820,제일일렉트릭,KOSDAQ,stock
038010,제일테크노스,KOSDAQ,stock
002620,제일파마홀딩스,KOSPI,stock
080220,제주반도체,KOSDAQ,stock
006220,제주은행,KOSPI,stock
089590,제주항공,KOSPI,stock
216080,제테마,KOSDAQ,stock
337930,젝시믹스,KOSDAQ,stock
229000,젠큐릭스,KOSDAQ,stock
082270,젬백스,KOSDAQ,stock
004700,조광피혁,KOSPI,stock
001550,조비,KOSPI,stock
462520,조선내화,KOSPI,stock
120030,조선선재,KOSPI,stock
067000,조이시티,KOSDAQ,stock
018470,조일알미늄,KOSPI,stock
002600,조흥,KOSPI,stock
185750,종근당,KOSPI,stock
063160,종근당바이오,KOSPI,stock
001630,종근당홀딩스,KOSPI,stock
033340,좋은사람들,KOSDAQ,stock
036930,주성엔지니어링,KOSDAQ,stock
109070,주성코퍼레이션,KOSPI,stock
072020,중앙백신,KOSDAQ,stock
000440,중앙에너비스,KOSDAQ,stock
051980,중앙첨단소재,KOSDAQ,stock
221800,지구홀딩스,KOSDAQ,stock
228760,지노믹트리,KOSDAQ,stock
314130,지놈앤컴퍼니,KOSDAQ,stock
013890,지누스,KOSPI,stock
389030,지니너스,KOSDAQ,stock
263860,지니언스,KOSDAQ,stock
446840,지슨,KOSDAQ,stock
144510,지씨셀,KOSDAQ,stock
340450,지씨지놈,KOSDAQ,stock
306620,지아이에스,KOSDAQ,stock
358570,지아이이노베이션,KOSDAQ,stock
382480,지아이텍,KOSDAQ,stock
382800,지앤비에스 에코,KOSDAQ,stock
051160,지어소프트,KOSDAQ,stock
053050,지에스이,KOSDAQ,stock
388610,지에프씨생명과학,KOSDAQ,stock
493330,지에프아이,KOSDAQ,stock
119850,지엔씨에너지,KOSDAQ,stock
204840,지엘팜텍,KOSDAQ,stock
013870,지엠비코리아,KOSPI,stock
071320,지역난방공사,KOSPI,stock
311320,지오엘리먼트,KOSDAQ,stock
456160,지투지바이오,KOSDAQ,stock
388050,지투파워,KOSDAQ,stock
018120,진로발효,KOSDAQ,stock
109820,진매트릭스,KOSDAQ,stock
086060,진바이오텍,KOSDAQ,stock
036890,진성티이씨,KOSDAQ,stock
363250,진시스템,KOSDAQ,stock
003780,진양산업,KOSPI,stock
007370,진양제약,KOSDAQ,stock
100250,진양홀딩스,KOSPI,stock
272450,진에어,KOSPI,stock
011000,진원생명과학,KOSPI,stock
002780,진흥기업,KOSPI,stock
025620,차AI헬스케어,KOSPI,stock
085660,차바이오텍,KOSDAQ,stock
351870,차이커뮤니케이션,KOSDAQ,stock
094850,참좋은여행,KOSDAQ,stock
004650,창해에탄올,KOSDAQ,stock
0011T0,채비,KOSDAQ,stock
278280,천보,KOSDAQ,stock
000650,천일고속,KOSPI,stock
362320,청담글로벌,KOSDAQ,stock
066360,체리부로,KOSDAQ,stock
047820,초록뱀미디어,KOSDAQ,stock
094360,칩스앤미디어,KOSDAQ,stock
0082N0,카나프테라퓨틱스,KOSDAQ,stock
284620,카이노스메드,KOSDAQ,stock
035720,카카오,KOSPI,stock
293490,카카오게임즈,KOSDAQ,stock
323410,카카오뱅크,KOSPI,stock
377300,카카오페이,KOSPI,stock
042000,카페24,KOSDAQ,stock
006380,카프로,KOSPI,stock
071850,캐스텍코리아,KOSDAQ,stock
198080,캐프,KOSDAQ,stock
050110,캠시스,KOSDAQ,stock
452300,캡스톤파트너스,KOSDAQ,stock
451760,컨텍,KOSDAQ,stock
078340,컴투스,KOSDAQ,stock
063080,컴투스홀딩스,KOSDAQ,stock
307930,컴퍼니케이,KOSDAQ,stock
263700,케어랩스,KOSDAQ,stock
214370,케어젠,KOSDAQ,stock
221980,케이디켐,KOSDAQ,stock
279570,케이뱅크,KOSPI,stock
001620,케이비아이동국실업,KOSPI,stock
192250,케이사인,KOSDAQ,stock
029460,케이씨,KOSPI,stock
115500,케이씨에스,KOSDAQ,stock
281820,케이씨텍,KOSPI,stock
089150,케이씨티,KOSDAQ,stock
025880,케이씨피드,KOSDAQ,stock
093320,케이아이엔엑스,KOSDAQ,stock
093640,케이알엠,KOSDAQ,stock
073010,케이에스피,KOSDAQ,stock
105330,케이엔더블유,KOSDAQ,stock
053080,케이엔솔,KOSDAQ,stock
199430,케이엔알시스템,KOSDAQ,stock
432470,케이엔에스,KOSDAQ,stock
272110,케이엔제이,KOSDAQ,stock
039420,케이엘넷,KOSDAQ,stock
083550,케이엠,KOSDAQ,stock
032500,케이엠더블유,KOSDAQ,stock
102370,케이옥션,KOSDAQ,stock
381970,케이카,KOSPI,stock
036030,케이티알파,KOSDAQ,stock
064820,케이프,KOSDAQ,stock
024880,케이피에프,KOSDAQ,stock
288180,케이피항공산업,KOSDAQ,stock
258610,케일럼,KOSDAQ,stock
274090,켄코아에어로스페이스,KOSDAQ,stock
089010,켐트로닉스,KOSDAQ,stock
220260,켐트로스,KOSDAQ,stock
052400,코나아이,KOSDAQ,stock
402030,코난테크놀로지,KOSDAQ,stock
391710,코닉오토메이션,KOSDAQ,stock
046070,코다코,KOSDAQ,stock
047770,코데즈컴바인,KOSDAQ,stock
417310,코람코더원리츠,KOSPI,stock
357120,코람코라이프인프라리츠,KOSPI,stock
104540,코렌텍,KOSDAQ,stock
027050,코리아나,KOSDAQ,stock
007815,코리아써우,KOSPI,stock
007810,코리아써키트,KOSPI,stock
190650,코리아에셋투자증권,KOSDAQ,stock
123410,코리아에프티,KOSDAQ,stock
003690,코리안리,KOSPI,stock
036690,코맥스,KOSDAQ,stock
049430,코메론,KOSDAQ,stock
183300,코미코,KOSDAQ,stock
041960,코미팜,KOSDAQ,stock
089890,코세스,KOSDAQ,stock
360350,코셈,KOSDAQ,stock
082660,코스나인,KOSDAQ,stock
043710,코스리거글로벌,KOSDAQ,stock
192820,코스맥스,KOSPI,stock
044820,코스맥스비티아이,KOSPI,stock
222040,코스맥스엔비티,KOSDAQ,stock
241710,코스메카코리아,KOSDAQ,stock
439960,코스모로보틱스,KOSDAQ,stock
005070,코스모신소재,KOSPI,stock
005420,코스모화학,KOSPI,stock
355150,코스텍시스,KOSDAQ,stock
166480,코아스템켐온,KOSDAQ,stock
045970,코아시아,KOSDAQ,stock
196450,코아시아씨엠,KOSDAQ,stock
384470,코어라인소프트,KOSDAQ,stock
002020,코오롱,KOSPI,stock
003070,코오롱글로벌,KOSPI,stock
102940,코오롱생명과학,KOSDAQ,stock
120110,코오롱인더,KOSPI,stock
120115,코오롱인더우,KOSPI,stock
950160,코오롱티슈진,KOSDAQ,stock
021240,코웨이,KOSPI,stock
056360,코위버,KOSDAQ,stock
282880,코윈테크,KOSDAQ,stock
448710,코츠테크놀로지,KOSDAQ,stock
126730,코칩,KOSDAQ,stock
015710,코콤,KOSDAQ,stock
052330,코텍,KOSDAQ,stock
036420,콘텐트리중앙,KOSPI,stock
200130,콜마비앤에이치,KOSDAQ,stock
024720,콜마홀딩스,KOSPI,stock
294570,쿠콘,KOSDAQ,stock
192400,쿠쿠홀딩스,KOSPI,stock
284740,쿠쿠홈시스,KOSPI,stock
464490,쿼드메디슨,KOSDAQ,stock
317690,퀀타매트릭스,KOSDAQ,stock
432720,퀄리타스반도체,KOSDAQ,stock
365270,큐라클,KOSDAQ,stock
348080,큐라티스,KOSDAQ,stock
060280,큐렉소,KOSDAQ,stock
372320,큐로셀,KOSDAQ,stock
115180,큐리언트,KOSDAQ,stock
494120,큐리오시스,KOSDAQ,stock
445680,큐리옥스바이오시스템즈,KOSDAQ,stock
182360,큐브엔터,KOSDAQ,stock
405100,큐알티,KOSDAQ,stock
066310,큐에스아이,KOSDAQ,stock
377460,큐에이드,KOSDAQ,stock
016600,큐캐피탈,KOSDAQ,stock
355390,크라우드웍스,KOSDAQ,stock
264900,크라운제과,KOSPI,stock
005740,크라운해태홀딩스,KOSPI,stock
259960,크래프톤,KOSPI,stock
096240,크레버스,KOSDAQ,stock
040350,크레오에스지,KOSDAQ,stock
110790,크리스에프앤씨,KOSDAQ,stock
900250,크리스탈신소재,KOSDAQ,stock
214150,클래시스,KOSDAQ,stock
466100,클로봇,KOSDAQ,stock
237880,클리오,KOSDAQ,stock
020120,키다리스튜디오,KOSPI,stock
475430,키스트론,KOSDAQ,stock
760009,키움 CD금리투자 ETN,KOSPI,stock
760011,키움 레버리지 2차전지산업 ETN,KOSPI,stock
760013,키움 레버리지 반도체TOP10 ETN,KOSPI,stock
760026,키움 레버리지 전력 TOP5 ETN,KOSPI,stock
760016,키움 레버리지 조선TOP10 ETN,KOSPI,stock
760018,키움 미국달러선물 ETN B,KOSPI,stock
760007,키움 코스피 200 TR ETN,KOSPI,stock
039490,키움증권,KOSPI,stock
054780,키이스트,KOSDAQ,stock
256940,킵스파마,KOSDAQ,stock
219130,타이거일렉,KOSDAQ,stock
336680,탑런토탈솔루션,KOSDAQ,stock
360070,탑머티리얼,KOSDAQ,stock
065130,탑엔지니어링,KOSDAQ,stock
134580,탑코미디어,KOSDAQ,stock
014580,태경비케이,KOSPI,stock
015890,태경산업,KOSPI,stock
006890,태경케미컬,KOSPI,stock
023160,태광,KOSDAQ,stock
003240,태광산업,KOSPI,stock
011280,태림포장,KOSPI,stock
323280,태성,KOSDAQ,stock
053620,태양,KOSDAQ,stock
004100,태양금속,KOSPI,stock
009410,태영건설,KOSPI,stock
044490,태웅,KOSDAQ,stock
124560,태웅로직스,KOSDAQ,stock
191420,테고사이언스,KOSDAQ,stock
950250,테라뷰,KOSDAQ,stock
073640,테라사이언스,KOSDAQ,stock
066700,테라젠이텍스,KOSDAQ,stock
095610,테스,KOSDAQ,stock
055490,테이팩스,KOSPI,stock
064520,테크엘,KOSDAQ,stock
089030,테크윙,KOSDAQ,stock
054450,텔레칩스,KOSDAQ,stock
078000,텔코웨어,KOSPI,stock
214420,토니모리,KOSPI,stock
393210,토마토시스템,KOSDAQ,stock
475960,토모큐브,KOSDAQ,stock
051360,토비스,KOSDAQ,stock
045340,토탈소프트,KOSDAQ,stock
108230,톱텍,KOSDAQ,stock
199800,툴젠,KOSDAQ,stock
417790,트루엔,KOSDAQ,stock
091810,트리니티항공,KOSPI,stock
290090,트윔,KOSDAQ,stock
026150,특수건설,KOSDAQ,stock
464280,티디에스팜,KOSDAQ,stock
117730,티로보틱스,KOSDAQ,stock
033830,티비씨,KOSDAQ,stock
057680,티사이언티픽,KOSDAQ,stock
204610,티쓰리,KOSDAQ,stock
125020,티씨머티리얼즈,KOSDAQ,stock
064760,티씨케이,KOSDAQ,stock
246710,티앤알바이오팹,KOSDAQ,stock
340570,티앤엘,KOSDAQ,stock
043220,티에스넥스젠,KOSDAQ,stock
277880,티에스아이,KOSDAQ,stock
131290,티에스이,KOSDAQ,stock
019180,티에이치엔,KOSPI,stock
425420,티에프이,KOSDAQ,stock
484810,티엑스알로보틱스,KOSDAQ,stock
131100,티엔엔터테인먼트,KOSDAQ,stock
356860,티엘비,KOSDAQ,stock
217590,티엠씨,KOSPI,stock
363280,티와이홀딩스,KOSPI,stock
321550,티움바이오,KOSDAQ,stock
425040,티이엠씨,KOSDAQ,stock
241790,티이엠씨씨엔에스,KOSDAQ,stock
022220,티케이지애강,KOSDAQ,stock
104480,티케이케미칼,KOSDAQ,stock
081150,티플랙스,KOSDAQ,stock
084730,팅크웨어,KOSDAQ,stock
440110,파두,KOSDAQ,stock
034230,파라다이스,KOSPI,stock
290560,파라택시스이더리움,KOSDAQ,stock
288330,파라택시스코리아,KOSDAQ,stock
033540,파라텍,KOSDAQ,stock
388870,파로스아이바이오,KOSDAQ,stock
043200,파루,KOSDAQ,stock
214450,파마리서치,KOSDAQ,stock
005690,파미셀,KOSPI,stock
177830,파버나인,KOSDAQ,stock
037070,파세코,KOSDAQ,stock
150900,파수AI,KOSDAQ,stock
152870,파워 200,KOSPI,stock
498180,파워 종합채권(AA-이상)액티브,KOSPI,stock
140950,파워 코스피100,KOSPI,stock
037030,파워넷,KOSDAQ,stock
047310,파워로직스,KOSDAQ,stock
368770,파이버프로,KOSDAQ,stock
170790,파이오링크,KOSDAQ,stock
038950,파인디지털,KOSDAQ,stock
387570,파인메딕스,KOSDAQ,stock
441270,파인엠텍,KOSDAQ,stock
106240,파인테크닉스,KOSDAQ,stock
140860,파크시스템스,KOSDAQ,stock
091700,파트론,KOSDAQ,stock
318010,팜스빌,KOSDAQ,stock
036580,팜스코,KOSPI,stock
027710,팜스토리,KOSDAQ,stock
004720,팜젠사이언스,KOSPI,stock
054300,팬스타엔터프라이즈,KOSDAQ,stock
068050,팬엔터테인먼트,KOSDAQ,stock
028670,팬오션,KOSPI,stock
222110,팬젠,KOSDAQ,stock
271830,팸텍,KOSDAQ,stock
010820,퍼스텍,KOSPI,stock
016800,퍼시스,KOSPI,stock
263750,펄어비스,KOSDAQ,stock
251970,펌텍코리아,KOSDAQ,stock
187660,페니트리움바이오,KOSDAQ,stock
0015S0,페스카로,KOSDAQ,stock
001020,페이퍼코리아,KOSPI,stock
168360,펨트론,KOSDAQ,stock
087010,펩트론,KOSDAQ,stock
010770,평화홀딩스,KOSPI,stock
064800,포니링크,KOSDAQ,stock
119500,포메탈,KOSDAQ,stock
389140,포바이포,KOSDAQ,stock
105760,포스뱅크,KOSDAQ,stock
022100,포스코DX,KOSPI,stock
058430,포스코스틸리온,KOSPI,stock
009520,포스코엠텍,KOSDAQ,stock
047050,포스코인터내셔널,KOSPI,stock
003670,포스코퓨처엠,KOSPI,stock
189690,포시에스,KOSDAQ,stock
318020,포인트모바일,KOSDAQ,stock
256630,포인트엔지니어링,KOSDAQ,stock
331380,포커스에이아이,KOSDAQ,stock
208710,포톤,KOSDAQ,stock
472850,폰드그룹,KOSDAQ,stock
039980,폴라리스AI,KOSDAQ,stock
041910,폴라리스AI파마,KOSDAQ,stock
234100,폴라리스세원,KOSDAQ,stock
041020,폴라리스오피스,KOSDAQ,stock
114630,폴라리스우노,KOSDAQ,stock
487580,폴레드,KOSDAQ,stock
290720,푸드나무,KOSDAQ,stock
005670,푸드웰,KOSDAQ,stock
094940,푸른로보틱스,KOSDAQ,stock
007330,푸른저축은행,KOSDAQ,stock
017810,풀무원,KOSPI,stock
023900,풍국주정,KOSDAQ,stock
103140,풍산,KOSPI,stock
005810,풍산홀딩스,KOSPI,stock
371950,풍원정밀,KOSDAQ,stock
370090,퓨런티어,KOSDAQ,stock
445180,퓨릿,KOSDAQ,stock
220100,퓨쳐켐,KOSDAQ,stock
035200,프럼파스트,KOSDAQ,stock
334970,프레스티지바이오로직스,KOSDAQ,stock
950210,프레스티지바이오파마,KOSPI,stock
321260,프로이천,KOSDAQ,stock
053610,프로텍,KOSDAQ,stock
468530,프로티나,KOSDAQ,stock
303360,프로티아,KOSDAQ,stock
335810,프리시젼바이오,KOSDAQ,stock
053160,프리엠스,KOSDAQ,stock
041590,플래스크,KOSDAQ,stock
075130,플랜티넷,KOSDAQ,stock
237820,플레이디,KOSDAQ,stock
019570,플루토스,KOSDAQ,stock
300080,플리토,KOSDAQ,stock
033790,피노,KOSDAQ,stock
032580,피델릭스,KOSDAQ,stock
0117P0,피스피스스튜디오,KOSDAQ,stock
452450,피아이이,KOSDAQ,stock
237750,피앤씨테크,KOSDAQ,stock
460940,피앤에스로보틱스,KOSDAQ,stock
319660,피에스케이,KOSDAQ,stock
031980,피에스케이홀딩스,KOSDAQ,stock
002230,피에스텍,KOSDAQ,stock
043370,피에이치에이,KOSDAQ,stock
239890,피엔에이치테크,KOSDAQ,stock
347740,피엔케이피부임상연구센타,KOSDAQ,stock
137400,피엔티,KOSDAQ,stock
257370,피엔티엠에스,KOSDAQ,stock
147760,피엠티,KOSDAQ,stock
128660,피제이메탈,KOSDAQ,stock
006140,피제이전자,KOSDAQ,stock
376180,피코그램,KOSDAQ,stock
087600,픽셀플러스,KOSDAQ,stock
378340,필에너지,KOSDAQ,stock
161580,필옵틱스,KOSDAQ,stock
163730,핑거,KOSDAQ,stock
700026,하나 CD금리투자 ETN,KOSPI,stock
700023,하나 Solactive 2X US Tech Top 10 ETN(H),KOSPI,stock
700022,하나 Solactive US Tech Top 10 ETN(H),KOSPI,stock
700028,하나 레버리지 반도체 ETN,KOSPI,stock
700027,하나 반도체 ETN,KOSPI,stock
086790,하나금융지주,KOSPI,stock
299030,하나기술,KOSDAQ,stock
067310,하나마이크론,KOSDAQ,stock
166090,하나머티리얼즈,KOSDAQ,stock
293480,하나제약,KOSPI,stock
039130,하나투어,KOSPI,stock
136480,하림,KOSDAQ,stock
003380,하림지주,KOSDAQ,stock
450330,하스,KOSDAQ,stock
101670,하이드로리튬,KOSDAQ,stock
365590,하이딥,KOSDAQ,stock
149980,하이로닉,KOSDAQ,stock
013030,하이록코리아,KOSDAQ,stock
352820,하이브,KOSPI,stock
126700,하이비젼시스템,KOSDAQ,stock
071090,하이스틸,KOSPI,stock
160190,하이젠알앤엠,KOSDAQ,stock
221840,하이즈항공,KOSDAQ,stock
106190,하이텍팜,KOSDAQ,stock
000080,하이트진로,KOSPI,stock
000140,하이트진로홀딩스,KOSPI,stock
066130,하츠,KOSDAQ,stock
004590,한국가구,KOSDAQ,stock
036460,한국가스공사,KOSPI,stock
039340,한국경제TV,KOSDAQ,stock
005430,한국공항,KOSPI,stock
071050,한국금융지주,KOSPI,stock
071055,한국금융지주우,KOSPI,stock
034950,한국기업평가,KOSDAQ,stock
010040,한국내화,KOSPI,stock
025540,한국단자,KOSPI,stock
010100,한국무브넥스,KOSPI,stock
256840,한국비엔씨,KOSDAQ,stock
219750,한국비티비,KOSDAQ,stock
004090,한국석유,KOSPI,stock
025550,한국선재,KOSDAQ,stock
002200,한국수출포장,KOSPI,stock
002960,한국쉘석유,KOSPI,stock
017890,한국알콜,KOSDAQ,stock
000240,한국앤컴퍼니,KOSPI,stock
123890,한국자산신탁,KOSPI,stock
015760,한국전력,KOSPI,stock
041460,한국전자인증,KOSDAQ,stock
039740,한국정보공학,KOSDAQ,stock
053300,한국정보인증,KOSDAQ,stock
025770,한국정보통신,KOSDAQ,stock
027970,한국제지,KOSPI,stock
023350,한국종합기술,KOSPI,stock
000970,한국주철관,KOSPI,stock
104700,한국철강,KOSPI,stock
062970,한국첨단소재,KOSDAQ,stock
017960,한국카본,KOSPI,stock
023760,한국캐피탈,KOSDAQ,stock
054040,한국컴퓨터,KOSDAQ,stock
161890,한국콜마,KOSPI,stock
021650,한국큐빅,KOSDAQ,stock
161390,한국타이어앤테크놀로지,KOSPI,stock
034830,한국토지신탁,KOSPI,stock
007280,한국특강,KOSPI,stock
032300,한국파마,KOSDAQ,stock
037230,한국팩키지,KOSDAQ,stock
448900,한국피아이엠,KOSDAQ,stock
047810,한국항공우주,KOSPI,stock
123690,한국화장품,KOSPI,stock
003350,한국화장품제조,KOSPI,stock
030520,한글과컴퓨터,KOSDAQ,stock
052600,한네트,KOSDAQ,stock
011500,한농화성,KOSPI,stock
002390,한독,KOSPI,stock
256150,한독크린텍,KOSDAQ,stock
092460,한라IMS,KOSDAQ,stock
125490,한라캐스트,KOSDAQ,stock
053690,한미글로벌,KOSPI,stock
042700,한미반도체,KOSPI,stock
008930,한미사이언스,KOSPI,stock
128940,한미약품,KOSPI,stock
452190,한빛레이저,KOSDAQ,stock
047080,한빛소프트,KOSDAQ,stock
009240,한샘,KOSPI,stock
452280,한선엔지니어링,KOSDAQ,stock
020000,한섬,KOSPI,stock
066980,한성크린텍,KOSDAQ,stock
105630,한세실업,KOSPI,stock
016450,한세예스24홀딩스,KOSPI,stock
009180,한솔로지스틱스,KOSPI,stock
114810,한솔아이원스,KOSDAQ,stock
213500,한솔제지,KOSPI,stock
014680,한솔케미칼,KOSPI,stock
004710,한솔테크닉스,KOSPI,stock
004150,한솔홀딩스,KOSPI,stock
042520,한스바이오메드,KOSDAQ,stock
004960,한신공영,KOSPI,stock
011700,한신기계,KOSPI,stock
430690,한싹,KOSDAQ,stock
078350,한양디지텍,KOSDAQ,stock
045100,한양이엔지,KOSDAQ,stock
001750,한양증권,KOSPI,stock
018880,한온시스템,KOSPI,stock
009420,한올바이오파마,KOSPI,stock
320000,한울반도체,KOSDAQ,stock
091440,한울소재과학,KOSDAQ,stock
276730,한울앤제주,KOSDAQ,stock
024740,한일단조,KOSDAQ,stock
005860,한일사료,KOSDAQ,stock
300720,한일시멘트,KOSPI,stock
002220,한일철강,KOSPI,stock
003300,한일홀딩스,KOSPI,stock
051600,한전KPS,KOSPI,stock
052690,한전기술,KOSPI,stock
130660,한전산업,KOSPI,stock
198940,한주라이트메탈,KOSDAQ,stock
107640,한중엔시에스,KOSDAQ,stock
002320,한진,KOSPI,stock
003480,한진중공업홀딩스,KOSPI,stock
180640,한진칼,KOSPI,stock
372910,한컴라이프케어,KOSPI,stock
054920,한컴위드,KOSDAQ,stock
457370,한켐,KOSDAQ,stock
098070,한텍,KOSDAQ,stock
570090,한투 KIS CD금리투자 ETN,KOSPI,stock
570050,한투 S&P500선물 ETN,KOSPI,stock
570051,한투 나스닥100 ETN,KOSPI,stock
570022,한투 레버리지S&P500선물 ETN(H),KOSPI,stock
570116,한투 레버리지WTI원유선물 ETN B,KOSPI,stock
570059,한투 레버리지금선물 ETN,KOSPI,stock
570061,한투 레버리지은선물 ETN,KOSPI,stock
570106,한투 레버리지일본니케이225선물 ETN(H),KOSPI,stock
570120,한투 레버리지천연가스선물 ETN C,KOSPI,stock
570117,한투 인버스2XWTI원유선물 ETN B,KOSPI,stock
570104,한투 일본니케이225선물 ETN(H),KOSPI,stock
570100,한투 일본종합상사TOP5 ETN,KOSPI,stock
570019,한투 코스피양매도5%OTM ETN,KOSPI,stock
408470,한패스,KOSDAQ,stock
000880,한화,KOSPI,stock
00088K,한화3우B,KOSPI,stock
452260,한화갤러리아,KOSPI,stock
451800,한화리츠,KOSPI,stock
489790,한화비전,KOSPI,stock
088350,한화생명,KOSPI,stock
000370,한화손해보험,KOSPI,stock
009830,한화솔루션,KOSPI,stock
009835,한화솔루션우,KOSPI,stock
272210,한화시스템,KOSPI,stock
012450,한화에어로스페이스,KOSPI,stock
082740,한화엔진,KOSPI,stock
042660,한화오션,KOSPI,stock
003530,한화투자증권,KOSPI,stock
195870,해성디에스,KOSPI,stock
034810,해성산업,KOSDAQ,stock
059270,해성에어로보틱스,KOSDAQ,stock
076610,해성옵틱스,KOSDAQ,stock
101530,해태제과식품,KOSPI,stock
220180,핸디소프트,KOSDAQ,stock
214180,헥토이노베이션,KOSDAQ,stock
234340,헥토파이낸셜,KOSDAQ,stock
084990,헬릭스미스,KOSDAQ,stock
000720,현대건설,KOSPI,stock
000725,현대건설우,KOSPI,stock
170030,현대공업,KOSDAQ,stock
453340,현대그린푸드,KOSPI,stock
086280,현대글로비스,KOSPI,stock
064350,현대로템,KOSPI,stock
079430,현대리바트,KOSPI,stock
012330,현대모비스,KOSPI,stock
319400,현대무벡스,KOSDAQ,stock
048410,현대바이오,KOSDAQ,stock
052260,현대바이오랜드,KOSDAQ,stock
069960,현대백화점,KOSPI,stock
004560,현대비앤지스틸,KOSPI,stock
016790,현대사료,KOSDAQ,stock
004310,현대약품,KOSPI,stock
041440,현대에버다임,KOSDAQ,stock
039010,현대에이치티,KOSDAQ,stock
017800,현대엘리베이터,KOSPI,stock
307950,현대오토에버,KOSPI,stock
011210,현대위아,KOSPI,stock
090850,현대이지웰,KOSDAQ,stock
004020,현대제철,KOSPI,stock
005440,현대지에프홀딩스,KOSPI,stock
005380,현대차,KOSPI,stock
005387,현대차2우B,KOSPI,stock
005389,현대차3우B,KOSPI,stock
005385,현대차우,KOSPI,stock
001500,현대차증권,KOSPI,stock
011760,현대코퍼레이션,KOSPI,stock
227840,현대코퍼레이션홀딩스,KOSPI,stock
126560,현대퓨처넷,KOSPI,stock
001450,현대해상,KOSPI,stock
057050,현대홈쇼핑,KOSPI,stock
460930,현대힘스,KOSDAQ,stock
092300,현우산업,KOSDAQ,stock
003010,혜인,KOSPI,stock
111110,호전실업,KOSPI,stock
008770,호텔신라,KOSPI,stock
064240,홈캐스트,KOSDAQ,stock
039610,화성밸브,KOSDAQ,stock
378850,화승알앤에이,KOSPI,stock
241590,화승엔터프라이즈,KOSPI,stock
006060,화승인더,KOSPI,stock
013520,화승코퍼레이션,KOSPI,stock
010690,화신,KOSPI,stock
126640,화신정공,KOSDAQ,stock
127980,화인써키트,KOSDAQ,stock
061250,화일약품,KOSDAQ,stock
010660,화천기계,KOSPI,stock
000850,화천기공,KOSPI,stock
016580,환인제약,KOSPI,stock
032560,황금에스티,KOSPI,stock
004800,효성,KOSPI,stock
094280,효성ITX,KOSPI,stock
097870,효성오앤비,KOSDAQ,stock
298040,효성중공업,KOSPI,stock
298020,효성티앤씨,KOSPI,stock
298000,효성화학,KOSPI,stock
093370,후성,KOSPI,stock
290270,휴네시온,KOSDAQ,stock
005870,휴니드,KOSPI,stock
090710,휴림로봇,KOSDAQ,stock
078590,휴림에이텍,KOSDAQ,stock
205470,휴마시스,KOSDAQ,stock
175140,휴먼테크놀로지,KOSDAQ,stock
200670,휴메딕스,KOSDAQ,stock
079980,휴비스,KOSPI,stock
065510,휴비츠,KOSDAQ,stock
005010,휴스틸,KOSPI,stock
263920,휴엠앤씨,KOSDAQ,stock
243070,휴온스,KOSDAQ,stock
084110,휴온스글로벌,KOSDAQ,stock
145020,휴젤,KOSDAQ,stock
024060,흥구석유,KOSDAQ,stock
010240,흥국,KOSDAQ,stock
189980,흥국에프엔비,KOSDAQ,stock
000540,흥국화재,KOSPI,stock
003280,흥아해운,KOSPI,stock
037440,희림,KOSDAQ,stock
238490,힘스,KOSDAQ,stock
